Date,Rate
1/4/1999,0.000120339
1/5/1999,0.000120077
1/6/1999,0.000119815
1/7/1999,0.000119028
1/8/1999,0.000120077
1/11/1999,0.000120864
1/12/1999,0.000120077
1/13/1999,0.00011929
1/14/1999,0.000119028
1/15/1999,0.000119028
1/19/1999,0.000118241
1/20/1999,0.000117191
1/21/1999,0.000115878
1/22/1999,0.000116928
1/25/1999,0.000119028
1/26/1999,0.000119552
1/27/1999,0.000119815
1/28/1999,0.000120339
1/29/1999,0.000120077
2/1/1999,0.000121388
2/2/1999,0.000121388
2/3/1999,0.000120077
2/4/1999,0.000120339
2/5/1999,0.000120601
2/8/1999,0.00012165
2/9/1999,0.000121388
2/10/1999,0.000120077
2/11/1999,0.000120601
2/12/1999,0.00012165
2/16/1999,0.000122174
2/17/1999,0.000121126
2/18/1999,0.000121388
2/19/1999,0.000122174
2/22/1999,0.000124532
2/23/1999,0.000124794
2/24/1999,0.000125055
2/25/1999,0.000123746
2/26/1999,0.000124794
3/1/1999,0.000126102
3/2/1999,0.000124794
3/3/1999,0.000123746
3/4/1999,0.000123746
3/5/1999,0.000124008
3/8/1999,0.00012427
3/9/1999,0.000123222
3/10/1999,0.000123222
3/11/1999,0.000123746
3/12/1999,0.000123222
3/15/1999,0.000123484
3/16/1999,0.000121912
3/17/1999,0.000121388
3/18/1999,0.000120864
3/19/1999,0.000120864
3/22/1999,0.000121126
3/23/1999,0.000120601
3/24/1999,0.000120601
3/25/1999,0.000120864
3/26/1999,0.000120864
3/29/1999,0.000120864
3/30/1999,0.000120077
3/31/1999,0.000120339
4/1/1999,0.000119028
4/2/1999,0.000118765
4/5/1999,0.000117978
4/6/1999,0.000118503
4/7/1999,0.000118503
4/8/1999,0.000117978
4/9/1999,0.000118503
4/12/1999,0.000115878
4/13/1999,0.000115878
4/14/1999,0.000115352
4/15/1999,0.000115878
4/16/1999,0.000116403
4/19/1999,0.000116928
4/20/1999,0.000117453
4/21/1999,0.000116928
4/22/1999,0.000117978
4/23/1999,0.000118765
4/26/1999,0.000119815
4/27/1999,0.000120601
4/28/1999,0.000120864
4/29/1999,0.000120864
4/30/1999,0.000121912
5/3/1999,0.000123746
5/4/1999,0.000124008
5/5/1999,0.000123484
5/6/1999,0.000123746
5/7/1999,0.000123746
5/10/1999,0.000123222
5/11/1999,0.000123746
5/12/1999,0.000123222
5/13/1999,0.00012296
5/14/1999,0.00012427
5/17/1999,0.000126102
5/18/1999,0.000124794
5/19/1999,0.000124008
5/20/1999,0.000123484
5/21/1999,0.000123484
5/24/1999,0.00012427
5/25/1999,0.00012427
5/26/1999,0.000124794
5/27/1999,0.000124532
5/28/1999,0.000124794
6/1/1999,0.000127672
6/2/1999,0.000126887
6/3/1999,0.000124532
6/4/1999,0.000122436
6/7/1999,0.00012427
6/8/1999,0.000123746
6/9/1999,0.000123222
6/10/1999,0.000125055
6/11/1999,0.000126887
6/14/1999,0.00012741
6/15/1999,0.000126887
6/16/1999,0.000125055
6/17/1999,0.00012427
6/18/1999,0.000125579
6/21/1999,0.000126887
6/22/1999,0.000126626
6/23/1999,0.000126626
6/24/1999,0.000126887
6/25/1999,0.000128456
6/28/1999,0.000130547
6/29/1999,0.000129502
6/30/1999,0.000127933
7/1/1999,0.000125317
7/2/1999,0.000125579
7/6/1999,0.000126364
7/7/1999,0.000125055
7/8/1999,0.000125317
7/9/1999,0.000125579
7/12/1999,0.000126887
7/13/1999,0.000126102
7/14/1999,0.000126364
7/15/1999,0.000125841
7/16/1999,0.000125317
7/19/1999,0.000125055
7/20/1999,0.00012427
7/21/1999,0.00012296
7/22/1999,0.000123484
7/23/1999,0.000124532
7/26/1999,0.000125317
7/27/1999,0.000125841
7/28/1999,0.000126102
7/29/1999,0.000126364
7/30/1999,0.000127149
8/2/1999,0.000129763
8/3/1999,0.000129502
8/4/1999,0.000127933
8/5/1999,0.000126887
8/6/1999,0.000128456
8/9/1999,0.000132637
8/10/1999,0.000132376
8/11/1999,0.000131331
8/12/1999,0.000128195
8/13/1999,0.000126887
8/16/1999,0.000129502
8/17/1999,0.000129241
8/18/1999,0.00012741
8/19/1999,0.00012741
8/20/1999,0.000129502
8/23/1999,0.000133942
8/24/1999,0.00013342
8/25/1999,0.000131853
8/26/1999,0.000131853
8/27/1999,0.000133159
8/30/1999,0.000133942
8/31/1999,0.000133159
9/1/1999,0.000132898
9/2/1999,0.000131592
9/3/1999,0.000131592
9/7/1999,0.000129763
9/8/1999,0.000129241
9/9/1999,0.000128718
9/10/1999,0.00012741
9/13/1999,0.000128456
9/14/1999,0.000129241
9/15/1999,0.000127149
9/16/1999,0.000125841
9/17/1999,0.000125055
9/20/1999,0.000128718
9/21/1999,0.000128195
9/22/1999,0.000129241
9/23/1999,0.000128979
9/24/1999,0.000127933
9/27/1999,0.000130286
9/28/1999,0.000129763
9/29/1999,0.000129241
9/30/1999,0.000130547
10/1/1999,0.000130547
10/4/1999,0.000130286
10/5/1999,0.000130025
10/6/1999,0.000128718
10/7/1999,0.000129502
10/8/1999,0.000128979
10/12/1999,0.000131853
10/13/1999,0.000133159
10/14/1999,0.000134202
10/15/1999,0.000134724
10/18/1999,0.000137592
10/19/1999,0.000137592
10/20/1999,0.000137592
10/21/1999,0.000137332
10/22/1999,0.000135507
10/25/1999,0.000137332
10/26/1999,0.000137592
10/27/1999,0.000137332
10/28/1999,0.00013655
10/29/1999,0.00013681
11/1/1999,0.000137853
11/2/1999,0.000137332
11/3/1999,0.00013681
11/4/1999,0.000136289
11/5/1999,0.000137332
11/8/1999,0.000138895
11/9/1999,0.000138634
11/10/1999,0.000138895
11/12/1999,0.000139676
11/15/1999,0.000141238
11/16/1999,0.000141238
11/17/1999,0.000139937
11/18/1999,0.000139676
11/19/1999,0.000139676
11/22/1999,0.000140718
11/23/1999,0.000140718
11/24/1999,0.000141238
11/26/1999,0.000141498
11/29/1999,0.000143059
11/30/1999,0.000141498
12/1/1999,0.000140718
12/2/1999,0.000140197
12/3/1999,0.000140197
12/6/1999,0.000139416
12/7/1999,0.000139416
12/8/1999,0.000139416
12/9/1999,0.000140197
12/10/1999,0.000141498
12/13/1999,0.000143839
12/14/1999,0.000143839
12/15/1999,0.000142799
12/16/1999,0.000143839
12/17/1999,0.000145139
12/20/1999,0.000150072
12/21/1999,0.000149034
12/22/1999,0.000148256
12/23/1999,0.000145918
12/27/1999,0.000145918
12/28/1999,0.000144359
12/29/1999,0.000139676
12/30/1999,0.000139416
12/31/1999,0.000142279
1/3/2000,0.000146178
1/4/2000,0.000144879
1/5/2000,0.000145139
1/6/2000,0.000144359
1/7/2000,0.000143579
1/10/2000,0.000144619
1/11/2000,0.000144879
1/12/2000,0.000145399
1/13/2000,0.000144359
1/14/2000,0.000144359
1/18/2000,0.000148256
1/19/2000,0.000146958
1/20/2000,0.000146178
1/21/2000,0.000145918
1/24/2000,0.000147996
1/25/2000,0.000148515
1/26/2000,0.000148775
1/27/2000,0.000149034
1/28/2000,0.000150591
1/31/2000,0.000153442
2/1/2000,0.000152147
2/2/2000,0.00015085
2/3/2000,0.000150072
2/4/2000,0.00015111
2/7/2000,0.000152406
2/8/2000,0.000151628
2/9/2000,0.00015085
2/10/2000,0.00015111
2/11/2000,0.00015085
2/14/2000,0.000151369
2/15/2000,0.000153183
2/16/2000,0.000152665
2/17/2000,0.000152924
2/18/2000,0.000153183
2/22/2000,0.000154997
2/23/2000,0.000154997
2/24/2000,0.000154738
2/25/2000,0.00015422
2/28/2000,0.000154479
2/29/2000,0.000153961
3/1/2000,0.000153442
3/2/2000,0.000153442
3/3/2000,0.00015422
3/6/2000,0.000155773
3/7/2000,0.000155255
3/8/2000,0.000155255
3/9/2000,0.000154997
3/10/2000,0.000156291
3/13/2000,0.000156809
3/14/2000,0.000156291
3/15/2000,0.000155773
3/16/2000,0.000156291
3/17/2000,0.000156809
3/20/2000,0.000158361
3/21/2000,0.000157326
3/22/2000,0.000157326
3/23/2000,0.000157067
3/24/2000,0.000157326
3/27/2000,0.00015655
3/28/2000,0.00015655
3/29/2000,0.000156809
3/30/2000,0.00015655
3/31/2000,0.00015655
4/3/2000,0.000156291
4/4/2000,0.000155255
4/5/2000,0.000156032
4/6/2000,0.00015655
4/7/2000,0.000157067
4/10/2000,0.000155773
4/11/2000,0.000155255
4/12/2000,0.000155255
4/13/2000,0.000154738
4/14/2000,0.000154738
4/17/2000,0.000154997
4/18/2000,0.000154738
4/19/2000,0.000154738
4/20/2000,0.00015422
4/24/2000,0.000154479
4/25/2000,0.00015422
4/26/2000,0.000153183
4/27/2000,0.000153183
4/28/2000,0.000154997
5/1/2000,0.000159654
5/2/2000,0.000157585
5/3/2000,0.000157326
5/4/2000,0.000157067
5/5/2000,0.000158878
5/8/2000,0.000164561
5/9/2000,0.00016327
5/10/2000,0.00016327
5/11/2000,0.00016327
5/12/2000,0.00016327
5/15/2000,0.000166109
5/16/2000,0.000164819
5/17/2000,0.000160946
5/18/2000,0.000157585
5/19/2000,0.000156809
5/22/2000,0.000159912
5/23/2000,0.000159912
5/24/2000,0.000157585
5/25/2000,0.000155773
5/26/2000,0.000155255
5/30/2000,0.000156291
5/31/2000,0.000150072
6/1/2000,0.000152924
6/2/2000,0.000156291
6/5/2000,0.000159137
6/6/2000,0.000159395
6/7/2000,0.000157585
6/8/2000,0.000157326
6/9/2000,0.000157585
6/12/2000,0.000157843
6/13/2000,0.00015655
6/14/2000,0.000154997
6/15/2000,0.000155514
6/16/2000,0.000155255
6/19/2000,0.000155514
6/20/2000,0.00015422
6/21/2000,0.000154738
6/22/2000,0.000155514
6/23/2000,0.000156032
6/26/2000,0.000154997
6/27/2000,0.000155255
6/28/2000,0.000154738
6/29/2000,0.000155773
6/30/2000,0.00015655
7/3/2000,0.000159654
7/5/2000,0.000159395
7/6/2000,0.000160171
7/7/2000,0.000160687
7/10/2000,0.000162237
7/11/2000,0.000162237
7/12/2000,0.000164045
7/13/2000,0.000164303
7/14/2000,0.000164045
7/17/2000,0.000163528
7/18/2000,0.000163787
7/19/2000,0.000164303
7/20/2000,0.000164303
7/21/2000,0.000163012
7/24/2000,0.000165077
7/25/2000,0.000164819
7/26/2000,0.000164303
7/27/2000,0.000165335
7/28/2000,0.000164819
7/31/2000,0.000166624
8/1/2000,0.000166109
8/2/2000,0.000166109
8/3/2000,0.000165593
8/4/2000,0.000165593
8/7/2000,0.000166882
8/8/2000,0.000166367
8/9/2000,0.000166109
8/10/2000,0.000166109
8/11/2000,0.00016714
8/14/2000,0.000166624
8/15/2000,0.000166882
8/16/2000,0.000166624
8/17/2000,0.000166624
8/18/2000,0.000166624
8/21/2000,0.000167398
8/22/2000,0.000166882
8/23/2000,0.00016714
8/24/2000,0.00016714
8/25/2000,0.000167656
8/28/2000,0.000167913
8/29/2000,0.000167656
8/30/2000,0.000167913
8/31/2000,0.000167656
9/1/2000,0.000166624
9/5/2000,0.000166624
9/6/2000,0.000165077
9/7/2000,0.000164819
9/8/2000,0.00016327
9/11/2000,0.000162496
9/12/2000,0.000161979
9/13/2000,0.000161979
9/14/2000,0.00016327
9/15/2000,0.00016327
9/18/2000,0.000163528
9/19/2000,0.000164045
9/20/2000,0.000163787
9/21/2000,0.000163787
9/22/2000,0.000163787
9/25/2000,0.000164303
9/26/2000,0.000164303
9/27/2000,0.000164819
9/28/2000,0.000166109
9/29/2000,0.000165593
10/2/2000,0.000166624
10/3/2000,0.000165851
10/4/2000,0.000165851
10/5/2000,0.000166109
10/6/2000,0.000165851
10/10/2000,0.000166624
10/11/2000,0.000165593
10/12/2000,0.000164561
10/13/2000,0.000164561
10/16/2000,0.000166882
10/17/2000,0.000167398
10/18/2000,0.000167398
10/19/2000,0.000167913
10/20/2000,0.000167656
10/23/2000,0.000168429
10/24/2000,0.000168686
10/25/2000,0.000169717
10/26/2000,0.000168944
10/27/2000,0.000168686
10/30/2000,0.000169717
10/31/2000,0.000169459
11/1/2000,0.000169202
11/2/2000,0.000169202
11/3/2000,0.000169459
11/6/2000,0.000170489
11/7/2000,0.000170489
11/8/2000,0.000170232
11/9/2000,0.000169974
11/10/2000,0.000169202
11/13/2000,0.000169717
11/14/2000,0.000169202
11/15/2000,0.000169459
11/16/2000,0.000168686
11/17/2000,0.000168686
11/20/2000,0.000168944
11/21/2000,0.000168944
11/22/2000,0.000168944
11/24/2000,0.000168944
11/27/2000,0.000168171
11/28/2000,0.000166882
11/29/2000,0.000165851
11/30/2000,0.000165077
12/1/2000,0.000165593
12/4/2000,0.000163528
12/5/2000,0.000161721
12/6/2000,0.000161979
12/7/2000,0.000162496
12/8/2000,0.000161979
12/11/2000,0.000161721
12/12/2000,0.000161204
12/13/2000,0.000161204
12/14/2000,0.000161204
12/15/2000,0.000160171
12/18/2000,0.000158361
12/19/2000,0.000157843
12/20/2000,0.000154997
12/21/2000,0.000143579
12/22/2000,0.000140718
12/26/2000,0.000155773
12/27/2000,0.000153183
12/28/2000,0.000156291
12/29/2000,0.000156809
1/2/2001,0.000156291
1/3/2001,0.000151628
1/4/2001,0.000143319
1/5/2001,0.00013681
1/8/2001,0.000138634
1/9/2001,0.000139937
1/10/2001,0.000141238
1/11/2001,0.000141759
1/12/2001,0.000142279
1/16/2001,0.000143579
1/17/2001,0.000143059
1/18/2001,0.000140978
1/19/2001,0.000139937
1/22/2001,0.000139676
1/23/2001,0.000139937
1/24/2001,0.000140978
1/25/2001,0.000140978
1/26/2001,0.000138113
1/29/2001,0.00013655
1/30/2001,0.000134202
1/31/2001,0.00013342
2/1/2001,0.000133681
2/2/2001,0.000135246
2/5/2001,0.000135246
2/6/2001,0.000135507
2/7/2001,0.000135507
2/8/2001,0.000135768
2/9/2001,0.000135246
2/12/2001,0.000134724
2/13/2001,0.000134985
2/14/2001,0.000135507
2/15/2001,0.000135768
2/16/2001,0.000134202
2/20/2001,0.000134724
2/21/2001,0.000134202
2/22/2001,0.000133942
2/23/2001,0.000130809
2/26/2001,0.000128718
2/27/2001,0.000128979
2/28/2001,0.000129763
3/1/2001,0.000129502
3/2/2001,0.000129502
3/5/2001,0.000128979
3/6/2001,0.000128195
3/7/2001,0.000125579
3/8/2001,0.000125317
3/9/2001,0.000126364
3/12/2001,0.000124794
3/13/2001,0.000124794
3/14/2001,0.00012165
3/15/2001,0.000121126
3/16/2001,0.00012165
3/19/2001,0.000121388
3/20/2001,0.000120339
3/21/2001,0.000115615
3/22/2001,0.000114301
3/23/2001,0.00011509
3/26/2001,0.00011509
3/27/2001,0.000116666
3/28/2001,0.000116403
3/29/2001,0.000115878
3/30/2001,0.000115352
4/2/2001,0.00011325
4/3/2001,0.000111409
4/4/2001,0.000110093
4/5/2001,0.000110356
4/6/2001,0.000105879
4/9/2001,0.000105615
4/10/2001,0.000105879
4/11/2001,0.000109567
4/12/2001,0.000107723
4/16/2001,0.000111409
4/17/2001,0.00011062
4/18/2001,0.000105088
4/19/2001,0.000104033
4/20/2001,0.000101393
4/23/2001,0.000100865
4/24/2001,0.000102185
4/25/2001,0.000103241
4/26/2001,0.000102977
4/27/2001,0.000103505
4/30/2001,0.000106142
5/1/2001,0.000105351
5/2/2001,0.00010456
5/3/2001,0.000103241
5/4/2001,0.000100601
5/7/2001,0.000100601
5/8/2001,9.95E-05
5/9/2001,0.000100073
5/10/2001,0.000100601
5/11/2001,0.000101657
5/14/2001,9.98E-05
5/15/2001,9.77E-05
5/16/2001,9.61E-05
5/17/2001,9.61E-05
5/18/2001,9.72E-05
5/21/2001,9.82E-05
5/22/2001,9.80E-05
5/23/2001,9.80E-05
5/24/2001,9.95E-05
5/25/2001,9.85E-05
5/29/2001,9.98E-05
5/30/2001,9.90E-05
5/31/2001,9.77E-05
6/1/2001,9.88E-05
6/4/2001,9.90E-05
6/5/2001,9.77E-05
6/6/2001,9.74E-05
6/7/2001,9.77E-05
6/8/2001,9.80E-05
6/11/2001,9.69E-05
6/12/2001,9.58E-05
6/13/2001,9.56E-05
6/14/2001,9.58E-05
6/15/2001,9.48E-05
6/18/2001,9.48E-05
6/19/2001,9.45E-05
6/20/2001,9.40E-05
6/21/2001,9.45E-05
6/22/2001,9.29E-05
6/25/2001,9.32E-05
6/26/2001,9.32E-05
6/27/2001,9.48E-05
6/28/2001,9.80E-05
6/29/2001,9.82E-05
7/2/2001,9.88E-05
7/3/2001,9.85E-05
7/5/2001,9.82E-05
7/6/2001,9.77E-05
7/9/2001,9.82E-05
7/10/2001,9.77E-05
7/11/2001,9.64E-05
7/12/2001,9.69E-05
7/13/2001,9.74E-05
7/16/2001,9.80E-05
7/17/2001,9.72E-05
7/18/2001,9.53E-05
7/19/2001,9.56E-05
7/20/2001,9.50E-05
7/23/2001,9.58E-05
7/24/2001,9.58E-05
7/25/2001,9.58E-05
7/26/2001,9.58E-05
7/27/2001,9.56E-05
7/30/2001,9.61E-05
7/31/2001,9.53E-05
8/1/2001,9.50E-05
8/2/2001,9.50E-05
8/3/2001,9.48E-05
8/6/2001,9.48E-05
8/7/2001,9.48E-05
8/8/2001,9.40E-05
8/9/2001,9.29E-05
8/10/2001,9.24E-05
8/13/2001,9.29E-05
8/14/2001,9.24E-05
8/15/2001,9.24E-05
8/16/2001,9.13E-05
8/17/2001,9.05E-05
8/20/2001,9.21E-05
8/21/2001,9.13E-05
8/22/2001,9.11E-05
8/23/2001,9.16E-05
8/24/2001,9.21E-05
8/27/2001,9.29E-05
8/28/2001,9.19E-05
8/29/2001,9.21E-05
8/30/2001,9.05E-05
8/31/2001,9.08E-05
9/4/2001,9.27E-05
9/5/2001,9.19E-05
9/6/2001,9.00E-05
9/7/2001,8.82E-05
9/10/2001,8.79E-05
9/13/2001,7.41E-05
9/14/2001,7.14E-05
9/17/2001,7.01E-05
9/18/2001,6.71E-05
9/19/2001,5.94E-05
9/20/2001,6.02E-05
9/21/2001,6.10E-05
9/24/2001,6.44E-05
9/25/2001,6.50E-05
9/26/2001,6.44E-05
9/27/2001,6.44E-05
9/28/2001,6.50E-05
10/1/2001,6.42E-05
10/2/2001,6.12E-05
10/3/2001,6.04E-05
10/4/2001,5.99E-05
10/5/2001,5.94E-05
10/9/2001,6.02E-05
10/10/2001,6.02E-05
10/11/2001,6.15E-05
10/12/2001,6.10E-05
10/15/2001,6.10E-05
10/16/2001,6.02E-05
10/17/2001,6.02E-05
10/18/2001,5.94E-05
10/19/2001,5.94E-05
10/22/2001,6.02E-05
10/23/2001,5.96E-05
10/24/2001,5.88E-05
10/25/2001,5.80E-05
10/26/2001,5.80E-05
10/29/2001,5.67E-05
10/30/2001,5.56E-05
10/31/2001,5.56E-05
11/1/2001,5.59E-05
11/2/2001,5.45E-05
11/5/2001,5.45E-05
11/6/2001,5.02E-05
11/7/2001,4.89E-05
11/8/2001,5.00E-05
11/9/2001,4.97E-05
11/13/2001,5.00E-05
11/14/2001,5.08E-05
11/15/2001,5.21E-05
11/16/2001,5.29E-05
11/19/2001,5.26E-05
11/20/2001,5.29E-05
11/21/2001,5.32E-05
11/23/2001,5.29E-05
11/26/2001,5.37E-05
11/27/2001,5.21E-05
11/28/2001,5.08E-05
11/29/2001,4.89E-05
11/30/2001,4.83E-05
12/3/2001,4.83E-05
12/4/2001,4.73E-05
12/5/2001,4.81E-05
12/6/2001,4.75E-05
12/7/2001,4.59E-05
12/10/2001,4.65E-05
12/11/2001,4.51E-05
12/12/2001,4.54E-05
12/13/2001,4.59E-05
12/14/2001,4.70E-05
12/17/2001,4.73E-05
12/18/2001,4.65E-05
12/19/2001,4.59E-05
12/20/2001,4.59E-05
12/21/2001,4.65E-05
12/24/2001,4.67E-05
12/26/2001,4.75E-05
12/27/2001,4.73E-05
12/28/2001,4.67E-05
12/31/2001,4.73E-05
1/2/2002,4.73E-05
1/3/2002,4.70E-05
1/4/2002,4.67E-05
1/7/2002,4.56E-05
1/8/2002,4.56E-05
1/9/2002,4.56E-05
1/10/2002,4.56E-05
1/11/2002,4.30E-05
1/14/2002,4.30E-05
1/15/2002,4.35E-05
1/16/2002,4.38E-05
1/17/2002,4.46E-05
1/18/2002,4.40E-05
1/22/2002,4.62E-05
1/23/2002,4.65E-05
1/24/2002,4.67E-05
1/25/2002,4.67E-05
1/28/2002,4.78E-05
1/29/2002,4.67E-05
1/30/2002,4.75E-05
1/31/2002,4.78E-05
2/1/2002,4.78E-05
2/4/2002,4.81E-05
2/5/2002,4.78E-05
2/6/2002,4.73E-05
2/7/2002,4.70E-05
2/8/2002,4.70E-05
2/11/2002,4.75E-05
2/12/2002,4.75E-05
2/13/2002,4.78E-05
2/14/2002,4.75E-05
2/15/2002,4.73E-05
2/19/2002,4.78E-05
2/20/2002,4.78E-05
2/21/2002,4.78E-05
2/22/2002,4.78E-05
2/25/2002,4.81E-05
2/26/2002,4.81E-05
2/27/2002,4.81E-05
2/28/2002,4.86E-05
3/1/2002,4.81E-05
3/4/2002,4.91E-05
3/5/2002,4.89E-05
3/6/2002,4.83E-05
3/7/2002,4.83E-05
3/8/2002,4.91E-05
3/11/2002,5.05E-05
3/12/2002,5.00E-05
3/13/2002,4.94E-05
3/14/2002,5.05E-05
3/15/2002,5.05E-05
3/18/2002,5.10E-05
3/19/2002,5.02E-05
3/20/2002,5.00E-05
3/21/2002,5.00E-05
3/22/2002,5.00E-05
3/25/2002,5.02E-05
3/26/2002,4.91E-05
3/27/2002,4.91E-05
3/28/2002,4.86E-05
4/1/2002,4.86E-05
4/2/2002,4.89E-05
4/3/2002,4.86E-05
4/4/2002,4.83E-05
4/5/2002,4.78E-05
4/8/2002,4.75E-05
4/9/2002,4.70E-05
4/10/2002,4.65E-05
4/11/2002,4.67E-05
4/12/2002,4.65E-05
4/15/2002,4.67E-05
4/16/2002,4.73E-05
4/17/2002,4.70E-05
4/18/2002,4.67E-05
4/19/2002,4.70E-05
4/22/2002,4.67E-05
4/23/2002,4.70E-05
4/24/2002,4.67E-05
4/25/2002,4.73E-05
4/26/2002,4.75E-05
4/29/2002,4.83E-05
4/30/2002,4.81E-05
5/1/2002,4.81E-05
5/2/2002,4.81E-05
5/3/2002,4.78E-05
5/6/2002,4.83E-05
5/7/2002,4.78E-05
5/8/2002,4.78E-05
5/9/2002,4.81E-05
5/10/2002,4.81E-05
5/13/2002,4.86E-05
5/14/2002,4.83E-05
5/15/2002,4.78E-05
5/16/2002,4.75E-05
5/17/2002,4.78E-05
5/20/2002,4.81E-05
5/21/2002,4.75E-05
5/22/2002,4.73E-05
5/23/2002,4.73E-05
5/24/2002,4.73E-05
5/28/2002,4.81E-05
5/29/2002,4.75E-05
5/30/2002,4.75E-05
5/31/2002,4.73E-05
6/3/2002,4.81E-05
6/4/2002,4.78E-05
6/5/2002,4.75E-05
6/6/2002,4.73E-05
6/7/2002,4.73E-05
6/10/2002,4.78E-05
6/11/2002,4.75E-05
6/12/2002,4.73E-05
6/13/2002,4.67E-05
6/14/2002,4.65E-05
6/17/2002,4.73E-05
6/18/2002,4.70E-05
6/19/2002,4.65E-05
6/20/2002,4.70E-05
6/21/2002,4.67E-05
6/24/2002,4.73E-05
6/25/2002,4.70E-05
6/26/2002,4.62E-05
6/27/2002,4.62E-05
6/28/2002,4.62E-05
7/1/2002,4.67E-05
7/2/2002,4.67E-05
7/3/2002,4.67E-05
7/5/2002,4.67E-05
7/8/2002,4.70E-05
7/9/2002,4.67E-05
7/10/2002,4.67E-05
7/11/2002,4.67E-05
7/12/2002,4.65E-05
7/15/2002,4.67E-05
7/16/2002,4.67E-05
7/17/2002,4.67E-05
7/18/2002,4.67E-05
7/19/2002,4.65E-05
7/22/2002,4.62E-05
7/23/2002,4.62E-05
7/24/2002,4.59E-05
7/25/2002,4.62E-05
7/26/2002,4.59E-05
7/29/2002,4.67E-05
7/30/2002,4.67E-05
7/31/2002,4.65E-05
8/1/2002,4.56E-05
8/2/2002,4.43E-05
8/5/2002,4.46E-05
8/6/2002,4.48E-05
8/7/2002,4.32E-05
8/8/2002,4.40E-05
8/9/2002,4.40E-05
8/12/2002,4.56E-05
8/13/2002,4.43E-05
8/14/2002,4.46E-05
8/15/2002,4.40E-05
8/16/2002,4.40E-05
8/19/2002,4.54E-05
8/20/2002,4.40E-05
8/21/2002,4.43E-05
8/22/2002,4.48E-05
8/23/2002,4.48E-05
8/26/2002,4.56E-05
8/27/2002,4.56E-05
8/28/2002,4.54E-05
8/29/2002,4.56E-05
8/30/2002,4.59E-05
9/3/2002,4.46E-05
9/4/2002,4.43E-05
9/5/2002,4.38E-05
9/6/2002,4.51E-05
9/9/2002,4.59E-05
9/10/2002,4.56E-05
9/11/2002,4.59E-05
9/12/2002,4.59E-05
9/13/2002,4.59E-05
9/16/2002,4.65E-05
9/17/2002,4.62E-05
9/18/2002,4.56E-05
9/19/2002,4.48E-05
9/20/2002,4.48E-05
9/23/2002,4.48E-05
9/24/2002,4.48E-05
9/25/2002,4.51E-05
9/26/2002,4.48E-05
9/27/2002,4.43E-05
9/30/2002,4.27E-05
10/1/2002,4.32E-05
10/2/2002,4.30E-05
10/3/2002,4.27E-05
10/4/2002,4.38E-05
10/7/2002,4.43E-05
10/8/2002,4.38E-05
10/9/2002,4.27E-05
10/10/2002,4.30E-05
10/11/2002,4.30E-05
10/15/2002,4.56E-05
10/16/2002,4.51E-05
10/17/2002,4.54E-05
10/18/2002,4.54E-05
10/21/2002,4.65E-05
10/22/2002,4.59E-05
10/23/2002,4.56E-05
10/24/2002,4.48E-05
10/25/2002,4.46E-05
10/28/2002,4.32E-05
10/29/2002,4.11E-05
10/30/2002,4.11E-05
10/31/2002,3.92E-05
11/1/2002,3.89E-05
11/4/2002,3.89E-05
11/5/2002,3.86E-05
11/6/2002,3.35E-05
11/7/2002,3.32E-05
11/8/2002,3.32E-05
11/12/2002,3.32E-05
11/13/2002,3.30E-05
11/14/2002,3.32E-05
11/15/2002,3.32E-05
11/18/2002,3.35E-05
11/19/2002,3.30E-05
11/20/2002,3.32E-05
11/21/2002,3.32E-05
11/22/2002,3.35E-05
11/25/2002,3.38E-05
11/26/2002,3.32E-05
11/27/2002,3.35E-05
11/29/2002,3.32E-05
12/2/2002,3.38E-05
12/3/2002,3.35E-05
12/4/2002,3.32E-05
12/5/2002,3.32E-05
12/6/2002,3.30E-05
12/9/2002,3.35E-05
12/10/2002,3.30E-05
12/11/2002,3.30E-05
12/12/2002,3.30E-05
12/13/2002,3.30E-05
12/16/2002,3.35E-05
12/17/2002,3.32E-05
12/18/2002,3.30E-05
12/19/2002,3.30E-05
12/20/2002,3.30E-05
12/23/2002,3.24E-05
12/24/2002,3.24E-05
12/26/2002,3.21E-05
12/27/2002,3.16E-05
12/30/2002,3.32E-05
12/31/2002,3.32E-05
1/2/2003,3.32E-05
1/3/2003,3.32E-05
1/6/2003,3.30E-05
1/7/2003,3.24E-05
1/8/2003,3.24E-05
1/9/2003,3.27E-05
1/10/2003,3.27E-05
1/13/2003,3.30E-05
1/14/2003,3.24E-05
1/15/2003,3.27E-05
1/16/2003,3.21E-05
1/17/2003,3.21E-05
1/21/2003,3.24E-05
1/22/2003,3.19E-05
1/23/2003,3.19E-05
1/24/2003,3.16E-05
1/27/2003,3.19E-05
1/28/2003,3.21E-05
1/29/2003,3.21E-05
1/30/2003,3.21E-05
1/31/2003,3.21E-05
2/3/2003,3.21E-05
2/4/2003,3.16E-05
2/5/2003,3.21E-05
2/6/2003,3.19E-05
2/7/2003,3.19E-05
2/10/2003,3.19E-05
2/11/2003,3.21E-05
2/12/2003,3.21E-05
2/13/2003,3.19E-05
2/14/2003,3.21E-05
2/18/2003,3.24E-05
2/19/2003,3.21E-05
2/20/2003,3.24E-05
2/21/2003,3.24E-05
2/24/2003,3.30E-05
2/25/2003,3.27E-05
2/26/2003,3.30E-05
2/27/2003,3.30E-05
2/28/2003,3.27E-05
3/3/2003,3.27E-05
3/4/2003,3.24E-05
3/5/2003,3.21E-05
3/6/2003,3.21E-05
3/7/2003,3.05E-05
3/10/2003,2.94E-05
3/11/2003,3.00E-05
3/12/2003,3.00E-05
3/13/2003,3.05E-05
3/14/2003,3.08E-05
3/17/2003,3.13E-05
3/18/2003,3.11E-05
3/19/2003,3.16E-05
3/20/2003,3.19E-05
3/21/2003,3.21E-05
3/24/2003,3.19E-05
3/25/2003,3.21E-05
3/26/2003,3.21E-05
3/27/2003,3.16E-05
3/28/2003,3.11E-05
3/31/2003,3.11E-05
4/1/2003,3.05E-05
4/2/2003,3.08E-05
4/3/2003,3.02E-05
4/4/2003,3.02E-05
4/7/2003,3.19E-05
4/8/2003,3.13E-05
4/9/2003,3.08E-05
4/10/2003,3.11E-05
4/11/2003,3.19E-05
4/14/2003,3.27E-05
4/15/2003,3.21E-05
4/16/2003,3.19E-05
4/17/2003,3.21E-05
4/21/2003,3.21E-05
4/22/2003,3.21E-05
4/23/2003,3.19E-05
4/24/2003,3.13E-05
4/25/2003,3.11E-05
4/28/2003,3.11E-05
4/29/2003,3.13E-05
4/30/2003,3.08E-05
5/1/2003,3.00E-05
5/2/2003,3.05E-05
5/5/2003,3.08E-05
5/6/2003,3.00E-05
5/7/2003,3.02E-05
5/8/2003,2.97E-05
5/9/2003,3.02E-05
5/12/2003,3.00E-05
5/13/2003,2.97E-05
5/14/2003,2.89E-05
5/15/2003,2.89E-05
5/16/2003,2.86E-05
5/19/2003,2.86E-05
5/20/2003,2.83E-05
5/21/2003,2.89E-05
5/22/2003,2.94E-05
5/23/2003,2.94E-05
5/27/2003,2.97E-05
5/28/2003,3.05E-05
5/29/2003,3.00E-05
5/30/2003,3.02E-05
6/2/2003,3.11E-05
6/3/2003,2.94E-05
6/4/2003,2.86E-05
6/5/2003,2.83E-05
6/6/2003,2.86E-05
6/9/2003,2.81E-05
6/10/2003,2.64E-05
6/11/2003,2.56E-05
6/12/2003,2.51E-05
6/13/2003,2.35E-05
6/16/2003,2.37E-05
6/17/2003,2.45E-05
6/18/2003,2.43E-05
6/19/2003,2.21E-05
6/20/2003,2.26E-05
6/23/2003,2.32E-05
6/24/2003,2.26E-05
6/25/2003,2.51E-05
6/26/2003,2.48E-05
6/27/2003,2.37E-05
6/30/2003,2.45E-05
7/1/2003,2.43E-05
7/2/2003,2.37E-05
7/3/2003,2.37E-05
7/7/2003,2.51E-05
7/8/2003,2.51E-05
7/9/2003,2.45E-05
7/10/2003,2.43E-05
7/11/2003,2.43E-05
7/14/2003,2.48E-05
7/15/2003,2.51E-05
7/16/2003,2.48E-05
7/17/2003,2.45E-05
7/18/2003,2.48E-05
7/21/2003,2.54E-05
7/22/2003,2.54E-05
7/23/2003,2.54E-05
7/24/2003,2.54E-05
7/25/2003,2.54E-05
7/28/2003,2.64E-05
7/29/2003,2.70E-05
7/30/2003,2.67E-05
7/31/2003,2.62E-05
8/1/2003,2.59E-05
8/4/2003,2.64E-05
8/5/2003,2.62E-05
8/6/2003,2.59E-05
8/7/2003,2.59E-05
8/8/2003,2.62E-05
8/11/2003,2.62E-05
8/12/2003,2.59E-05
8/13/2003,2.62E-05
8/14/2003,2.62E-05
8/15/2003,2.59E-05
8/18/2003,2.62E-05
8/19/2003,2.62E-05
8/20/2003,2.62E-05
8/21/2003,2.64E-05
8/22/2003,2.67E-05
8/25/2003,2.78E-05
8/26/2003,2.75E-05
8/27/2003,2.73E-05
8/28/2003,2.70E-05
8/29/2003,2.67E-05
9/2/2003,2.67E-05
9/3/2003,2.64E-05
9/4/2003,2.64E-05
9/5/2003,2.62E-05
9/8/2003,2.64E-05
9/9/2003,2.62E-05
9/10/2003,2.62E-05
9/11/2003,2.62E-05
9/12/2003,2.62E-05
9/15/2003,2.62E-05
9/16/2003,2.54E-05
9/17/2003,2.59E-05
9/18/2003,2.62E-05
9/19/2003,2.59E-05
9/22/2003,2.59E-05
9/23/2003,2.54E-05
9/24/2003,2.59E-05
9/25/2003,2.56E-05
9/26/2003,2.56E-05
9/29/2003,2.62E-05
9/30/2003,2.59E-05
10/1/2003,2.59E-05
10/2/2003,2.56E-05
10/3/2003,2.56E-05
10/6/2003,2.56E-05
10/7/2003,2.51E-05
10/8/2003,2.48E-05
10/9/2003,2.48E-05
10/10/2003,2.51E-05
10/14/2003,2.54E-05
10/15/2003,2.54E-05
10/16/2003,2.54E-05
10/17/2003,2.54E-05
10/20/2003,2.59E-05
10/21/2003,2.54E-05
10/22/2003,2.62E-05
10/23/2003,2.62E-05
10/24/2003,2.59E-05
10/27/2003,2.67E-05
10/28/2003,2.62E-05
10/29/2003,2.62E-05
10/30/2003,2.62E-05
10/31/2003,2.62E-05
11/3/2003,2.62E-05
11/4/2003,2.59E-05
11/5/2003,2.62E-05
11/6/2003,2.62E-05
11/7/2003,2.62E-05
11/10/2003,2.64E-05
11/12/2003,2.59E-05
11/13/2003,2.56E-05
11/14/2003,2.59E-05
11/17/2003,2.62E-05
11/18/2003,2.62E-05
11/19/2003,2.59E-05
11/20/2003,2.59E-05
11/21/2003,2.56E-05
11/24/2003,2.62E-05
11/25/2003,2.59E-05
11/26/2003,2.56E-05
11/28/2003,2.54E-05
12/1/2003,2.59E-05
12/2/2003,2.56E-05
12/3/2003,2.56E-05
12/4/2003,2.54E-05
12/5/2003,2.51E-05
12/8/2003,2.54E-05
12/9/2003,2.54E-05
12/10/2003,2.54E-05
12/11/2003,2.45E-05
12/12/2003,2.48E-05
12/15/2003,2.45E-05
12/16/2003,2.48E-05
12/17/2003,2.45E-05
12/18/2003,2.43E-05
12/19/2003,2.40E-05
12/22/2003,2.45E-05
12/23/2003,2.45E-05
12/24/2003,2.45E-05
12/26/2003,2.37E-05
12/29/2003,2.45E-05
12/30/2003,2.56E-05
12/31/2003,2.59E-05
1/2/2004,2.54E-05
1/5/2004,2.48E-05
1/6/2004,2.48E-05
1/7/2004,2.48E-05
1/8/2004,2.40E-05
1/9/2004,2.37E-05
1/12/2004,2.43E-05
1/13/2004,2.43E-05
1/14/2004,2.40E-05
1/15/2004,2.40E-05
1/16/2004,2.43E-05
1/20/2004,2.43E-05
1/21/2004,2.43E-05
1/22/2004,2.40E-05
1/23/2004,2.45E-05
1/26/2004,2.45E-05
1/27/2004,2.48E-05
1/28/2004,2.56E-05
1/29/2004,2.56E-05
1/30/2004,2.51E-05
2/2/2004,2.56E-05
2/3/2004,2.56E-05
2/4/2004,2.56E-05
2/5/2004,2.56E-05
2/6/2004,2.54E-05
2/9/2004,2.56E-05
2/10/2004,2.59E-05
2/11/2004,2.54E-05
2/12/2004,2.54E-05
2/13/2004,2.51E-05
2/17/2004,2.59E-05
2/18/2004,2.56E-05
2/19/2004,2.56E-05
2/20/2004,2.56E-05
2/23/2004,2.64E-05
2/24/2004,2.64E-05
2/25/2004,2.62E-05
2/26/2004,2.62E-05
2/27/2004,2.62E-05
3/1/2004,2.64E-05
3/2/2004,2.64E-05
3/3/2004,2.64E-05
3/4/2004,2.62E-05
3/5/2004,2.56E-05
3/8/2004,2.62E-05
3/9/2004,2.62E-05
3/10/2004,2.62E-05
3/11/2004,2.64E-05
3/12/2004,2.62E-05
3/15/2004,2.62E-05
3/16/2004,2.62E-05
3/17/2004,2.54E-05
3/18/2004,2.54E-05
3/19/2004,2.56E-05
3/22/2004,2.59E-05
3/23/2004,2.59E-05
3/24/2004,2.54E-05
3/25/2004,2.56E-05
3/26/2004,2.59E-05
3/29/2004,2.62E-05
3/30/2004,2.62E-05
3/31/2004,2.59E-05
4/1/2004,2.54E-05
4/2/2004,2.59E-05
4/5/2004,2.56E-05
4/6/2004,2.56E-05
4/7/2004,2.59E-05
4/8/2004,2.54E-05
4/12/2004,2.56E-05
4/13/2004,2.56E-05
4/14/2004,2.59E-05
4/15/2004,2.59E-05
4/16/2004,2.56E-05
4/19/2004,2.62E-05
4/20/2004,2.64E-05
4/21/2004,2.70E-05
4/22/2004,2.64E-05
4/23/2004,2.67E-05
4/26/2004,2.70E-05
4/27/2004,2.67E-05
4/28/2004,2.64E-05
4/29/2004,2.64E-05
4/30/2004,2.67E-05
5/3/2004,2.73E-05
5/4/2004,2.73E-05
5/5/2004,2.70E-05
5/6/2004,2.73E-05
5/7/2004,2.92E-05
5/10/2004,2.94E-05
5/11/2004,2.86E-05
5/12/2004,2.83E-05
5/13/2004,2.73E-05
5/14/2004,2.70E-05
5/17/2004,2.89E-05
5/18/2004,2.86E-05
5/19/2004,2.83E-05
5/20/2004,2.81E-05
5/21/2004,2.81E-05
5/24/2004,2.92E-05
5/25/2004,2.92E-05
5/26/2004,2.94E-05
5/27/2004,2.89E-05
5/28/2004,2.94E-05
6/1/2004,3.19E-05
6/2/2004,3.19E-05
6/3/2004,3.19E-05
6/4/2004,3.30E-05
6/7/2004,3.38E-05
6/8/2004,3.46E-05
6/9/2004,3.46E-05
6/10/2004,3.54E-05
6/14/2004,3.84E-05
6/15/2004,3.65E-05
6/16/2004,3.54E-05
6/17/2004,3.48E-05
6/18/2004,3.51E-05
6/21/2004,3.62E-05
6/22/2004,3.59E-05
6/23/2004,3.51E-05
6/24/2004,3.51E-05
6/25/2004,3.57E-05
6/28/2004,3.76E-05
6/29/2004,3.76E-05
6/30/2004,3.62E-05
7/1/2004,3.32E-05
7/2/2004,3.54E-05
7/6/2004,3.65E-05
7/7/2004,3.54E-05
7/8/2004,3.46E-05
7/9/2004,3.48E-05
7/12/2004,3.65E-05
7/13/2004,3.65E-05
7/14/2004,3.65E-05
7/15/2004,3.67E-05
7/16/2004,3.67E-05
7/19/2004,3.67E-05
7/20/2004,3.70E-05
7/21/2004,3.67E-05
7/22/2004,3.73E-05
7/23/2004,3.76E-05
7/26/2004,3.94E-05
7/27/2004,3.97E-05
7/28/2004,3.97E-05
7/29/2004,3.94E-05
7/30/2004,3.94E-05
8/2/2004,4.08E-05
8/3/2004,4.03E-05
8/4/2004,4.05E-05
8/5/2004,4.03E-05
8/6/2004,3.92E-05
8/9/2004,4.11E-05
8/10/2004,4.08E-05
8/11/2004,3.92E-05
8/12/2004,3.89E-05
8/13/2004,3.92E-05
8/16/2004,4.05E-05
8/17/2004,4.03E-05
8/18/2004,4.05E-05
8/19/2004,4.03E-05
8/20/2004,4.05E-05
8/23/2004,4.19E-05
8/24/2004,4.19E-05
8/25/2004,4.19E-05
8/26/2004,4.21E-05
8/27/2004,4.24E-05
8/30/2004,4.38E-05
8/31/2004,4.32E-05
9/1/2004,4.30E-05
9/2/2004,4.35E-05
9/3/2004,4.48E-05
9/7/2004,4.51E-05
9/8/2004,4.48E-05
9/9/2004,4.46E-05
9/10/2004,4.51E-05
9/13/2004,4.51E-05
9/14/2004,4.51E-05
9/15/2004,4.54E-05
9/16/2004,4.54E-05
9/17/2004,4.65E-05
9/20/2004,4.70E-05
9/21/2004,4.67E-05
9/22/2004,4.65E-05
9/23/2004,4.67E-05
9/24/2004,4.70E-05
9/27/2004,4.73E-05
9/28/2004,4.67E-05
9/29/2004,4.67E-05
9/30/2004,4.65E-05
10/1/2004,4.65E-05
10/4/2004,4.65E-05
10/5/2004,4.65E-05
10/6/2004,4.65E-05
10/7/2004,4.62E-05
10/8/2004,4.65E-05
10/12/2004,4.67E-05
10/13/2004,4.67E-05
10/14/2004,4.73E-05
10/15/2004,4.78E-05
10/18/2004,4.91E-05
10/19/2004,4.94E-05
10/20/2004,4.94E-05
10/21/2004,5.02E-05
10/22/2004,5.02E-05
10/25/2004,5.16E-05
10/26/2004,5.18E-05
10/27/2004,5.21E-05
10/28/2004,5.18E-05
10/29/2004,5.18E-05
11/1/2004,5.40E-05
11/2/2004,5.34E-05
11/3/2004,5.32E-05
11/4/2004,5.37E-05
11/5/2004,5.51E-05
11/8/2004,5.61E-05
11/9/2004,5.64E-05
11/10/2004,5.64E-05
11/12/2004,5.64E-05
11/15/2004,5.75E-05
11/16/2004,5.80E-05
11/17/2004,5.77E-05
11/18/2004,5.77E-05
11/19/2004,5.83E-05
11/22/2004,5.96E-05
11/23/2004,5.94E-05
11/24/2004,5.91E-05
11/26/2004,5.99E-05
11/29/2004,6.04E-05
11/30/2004,6.04E-05
12/1/2004,6.02E-05
12/2/2004,6.02E-05
12/3/2004,5.99E-05
12/6/2004,6.10E-05
12/7/2004,6.10E-05
12/8/2004,6.07E-05
12/9/2004,6.07E-05
12/10/2004,6.10E-05
12/13/2004,6.07E-05
12/14/2004,5.99E-05
12/15/2004,5.99E-05
12/16/2004,5.96E-05
12/17/2004,5.96E-05
12/20/2004,6.02E-05
12/21/2004,5.96E-05
12/22/2004,5.91E-05
12/23/2004,5.94E-05
12/27/2004,6.12E-05
12/28/2004,6.10E-05
12/29/2004,6.02E-05
12/30/2004,6.02E-05
12/31/2004,6.02E-05
1/3/2005,6.28E-05
1/4/2005,6.31E-05
1/5/2005,6.31E-05
1/6/2005,6.26E-05
1/7/2005,6.28E-05
1/10/2005,6.39E-05
1/11/2005,6.34E-05
1/12/2005,6.34E-05
1/13/2005,6.36E-05
1/14/2005,6.42E-05
1/18/2005,6.47E-05
1/19/2005,6.42E-05
1/20/2005,6.36E-05
1/21/2005,6.39E-05
1/24/2005,6.42E-05
1/25/2005,6.47E-05
1/26/2005,6.52E-05
1/27/2005,6.60E-05
1/28/2005,6.66E-05
1/31/2005,6.79E-05
2/1/2005,6.79E-05
2/2/2005,6.79E-05
2/3/2005,6.71E-05
2/4/2005,6.69E-05
2/7/2005,6.79E-05
2/8/2005,6.74E-05
2/9/2005,6.79E-05
2/10/2005,6.79E-05
2/11/2005,6.90E-05
2/14/2005,7.01E-05
2/15/2005,7.01E-05
2/16/2005,6.95E-05
2/17/2005,6.98E-05
2/18/2005,7.06E-05
2/22/2005,7.22E-05
2/23/2005,7.22E-05
2/24/2005,7.27E-05
2/25/2005,7.41E-05
2/28/2005,7.46E-05
3/1/2005,7.43E-05
3/2/2005,7.41E-05
3/3/2005,7.46E-05
3/4/2005,7.46E-05
3/7/2005,7.46E-05
3/8/2005,7.43E-05
3/9/2005,7.46E-05
3/10/2005,7.43E-05
3/11/2005,7.46E-05
3/14/2005,7.57E-05
3/15/2005,7.59E-05
3/16/2005,7.57E-05
3/17/2005,7.54E-05
3/18/2005,7.59E-05
3/21/2005,7.70E-05
3/22/2005,7.81E-05
3/23/2005,7.65E-05
3/24/2005,7.67E-05
3/28/2005,7.67E-05
3/29/2005,7.67E-05
3/30/2005,7.65E-05
3/31/2005,7.54E-05
4/1/2005,7.57E-05
4/4/2005,7.57E-05
4/5/2005,7.54E-05
4/6/2005,7.46E-05
4/7/2005,7.49E-05
4/8/2005,7.54E-05
4/11/2005,7.46E-05
4/12/2005,7.46E-05
4/13/2005,7.49E-05
4/14/2005,7.51E-05
4/15/2005,7.54E-05
4/18/2005,7.83E-05
4/19/2005,7.86E-05
4/20/2005,7.75E-05
4/21/2005,7.78E-05
4/22/2005,7.91E-05
4/25/2005,7.91E-05
4/26/2005,7.86E-05
4/27/2005,7.81E-05
4/28/2005,7.78E-05
4/29/2005,7.83E-05
5/2/2005,7.91E-05
5/3/2005,7.86E-05
5/4/2005,7.75E-05
5/5/2005,7.59E-05
5/6/2005,7.75E-05
5/9/2005,7.86E-05
5/10/2005,7.83E-05
5/11/2005,7.75E-05
5/12/2005,7.78E-05
5/13/2005,7.65E-05
5/16/2005,7.81E-05
5/17/2005,7.78E-05
5/18/2005,7.73E-05
5/19/2005,7.75E-05
5/20/2005,7.83E-05
5/23/2005,8.02E-05
5/24/2005,7.94E-05
5/25/2005,7.97E-05
5/26/2005,7.94E-05
5/27/2005,8.02E-05
5/31/2005,8.07E-05
6/1/2005,8.02E-05
6/2/2005,8.02E-05
6/3/2005,8.13E-05
6/6/2005,8.15E-05
6/7/2005,8.15E-05
6/8/2005,8.15E-05
6/9/2005,8.07E-05
6/10/2005,8.13E-05
6/13/2005,8.18E-05
6/14/2005,8.13E-05
6/15/2005,8.10E-05
6/16/2005,8.05E-05
6/17/2005,8.07E-05
6/20/2005,8.15E-05
6/21/2005,8.15E-05
6/22/2005,8.18E-05
6/23/2005,8.28E-05
6/24/2005,8.34E-05
6/27/2005,8.50E-05
6/28/2005,8.47E-05
6/29/2005,8.44E-05
6/30/2005,8.44E-05
7/1/2005,8.55E-05
7/5/2005,8.68E-05
7/6/2005,8.60E-05
7/7/2005,8.50E-05
7/8/2005,8.55E-05
7/11/2005,8.60E-05
7/12/2005,8.66E-05
7/13/2005,8.68E-05
7/14/2005,8.71E-05
7/15/2005,8.79E-05
7/18/2005,8.90E-05
7/19/2005,8.92E-05
7/20/2005,8.90E-05
7/21/2005,9.03E-05
7/22/2005,9.11E-05
7/25/2005,9.27E-05
7/26/2005,9.24E-05
7/27/2005,9.16E-05
7/28/2005,9.19E-05
7/29/2005,9.21E-05
8/1/2005,9.37E-05
8/2/2005,9.40E-05
8/3/2005,9.32E-05
8/4/2005,9.35E-05
8/5/2005,9.48E-05
8/8/2005,9.53E-05
8/9/2005,9.48E-05
8/10/2005,9.45E-05
8/11/2005,9.45E-05
8/12/2005,9.48E-05
8/15/2005,9.53E-05
8/16/2005,9.53E-05
8/17/2005,9.48E-05
8/18/2005,9.43E-05
8/19/2005,9.48E-05
8/22/2005,9.50E-05
8/23/2005,9.50E-05
8/24/2005,9.50E-05
8/25/2005,9.53E-05
8/26/2005,9.56E-05
8/29/2005,9.53E-05
8/30/2005,9.53E-05
8/31/2005,9.48E-05
9/1/2005,9.37E-05
9/2/2005,9.32E-05
9/6/2005,9.48E-05
9/7/2005,9.40E-05
9/8/2005,9.37E-05
9/9/2005,9.40E-05
9/12/2005,9.45E-05
9/13/2005,9.35E-05
9/14/2005,9.21E-05
9/15/2005,9.29E-05
9/16/2005,9.43E-05
9/19/2005,9.64E-05
9/20/2005,9.72E-05
9/21/2005,9.19E-05
9/22/2005,9.35E-05
9/23/2005,9.37E-05
9/26/2005,9.48E-05
9/27/2005,9.40E-05
9/28/2005,9.32E-05
9/29/2005,9.53E-05
9/30/2005,9.56E-05
10/3/2005,9.72E-05
10/4/2005,9.77E-05
10/5/2005,9.64E-05
10/6/2005,9.72E-05
10/7/2005,9.77E-05
10/11/2005,0.000100337
10/12/2005,9.95E-05
10/13/2005,0.000100865
10/14/2005,0.000101657
10/17/2005,0.000103769
10/18/2005,0.000103505
10/19/2005,0.000103769
10/20/2005,0.000103505
10/21/2005,0.000104033
10/24/2005,0.000105351
10/25/2005,0.000105615
10/26/2005,0.000104824
10/27/2005,0.000104296
10/28/2005,0.000105615
10/31/2005,0.000106933
11/1/2005,0.000106406
11/2/2005,0.000105879
11/3/2005,0.000105879
11/4/2005,0.000106933
11/7/2005,0.000106406
11/8/2005,0.000106406
11/9/2005,0.000107196
11/10/2005,0.000106669
11/14/2005,0.000107987
11/15/2005,0.000107723
11/16/2005,0.00010746
11/17/2005,0.000107723
11/18/2005,0.000107723
11/21/2005,0.00010746
11/22/2005,0.000105615
11/23/2005,0.000106142
11/25/2005,0.000106142
11/28/2005,0.000106933
11/29/2005,0.000106933
11/30/2005,0.000106142
12/1/2005,0.000106669
12/2/2005,0.000107196
12/5/2005,0.000108513
12/6/2005,0.000108513
12/7/2005,0.00010825
12/8/2005,0.000105879
12/9/2005,0.000105879
12/12/2005,0.000104824
12/13/2005,0.000105088
12/14/2005,0.00010456
12/15/2005,0.000105615
12/16/2005,0.000105615
12/19/2005,0.000106406
12/20/2005,0.000106142
12/21/2005,0.000106933
12/22/2005,0.000106933
12/23/2005,0.000107196
12/27/2005,0.000106933
12/28/2005,0.000106142
12/29/2005,0.000107723
12/30/2005,0.000109567
1/3/2006,0.000111672
1/4/2006,0.000112461
1/5/2006,0.000112724
1/6/2006,0.00011325
1/9/2006,0.000113513
1/10/2006,0.00011509
1/11/2006,0.000115352
1/12/2006,0.000115878
1/13/2006,0.00011614
1/17/2006,0.000117453
1/18/2006,0.000116666
1/19/2006,0.000116666
1/20/2006,0.000116666
1/23/2006,0.000117453
1/24/2006,0.000117978
1/25/2006,0.000118503
1/26/2006,0.00011929
1/27/2006,0.00011929
1/30/2006,0.000120077
1/31/2006,0.000119815
2/1/2006,0.000119815
2/2/2006,0.000120077
2/3/2006,0.000120077
2/6/2006,0.000120077
2/7/2006,0.000120339
2/8/2006,0.000120601
2/9/2006,0.000121126
2/10/2006,0.000121388
2/13/2006,0.000121912
2/14/2006,0.000121912
2/15/2006,0.000121912
2/16/2006,0.000121912
2/17/2006,0.00012165
2/21/2006,0.000122174
2/22/2006,0.000122436
2/23/2006,0.00012296
2/24/2006,0.000123222
2/27/2006,0.000123746
2/28/2006,0.000123746
3/1/2006,0.000123222
3/2/2006,0.000123746
3/3/2006,0.000123746
3/6/2006,0.000123222
3/7/2006,0.000123222
3/8/2006,0.000122698
3/9/2006,0.000123222
3/10/2006,0.000123746
3/13/2006,0.000123484
3/14/2006,0.00012296
3/15/2006,0.000124008
3/16/2006,0.000123746
3/17/2006,0.00012427
3/20/2006,0.000124794
3/21/2006,0.000125579
3/22/2006,0.000125579
3/23/2006,0.000125055
3/24/2006,0.000124532
3/27/2006,0.000124008
3/28/2006,0.000124532
3/29/2006,0.000124008
3/30/2006,0.000123484
3/31/2006,0.000124008
4/3/2006,0.000125055
4/4/2006,0.000125317
4/5/2006,0.000125055
4/6/2006,0.000125317
4/7/2006,0.000125579
4/10/2006,0.000125579
4/11/2006,0.000125841
4/12/2006,0.000125841
4/13/2006,0.000125841
4/17/2006,0.000126364
4/18/2006,0.000126364
4/19/2006,0.000126626
4/20/2006,0.000126626
4/21/2006,0.000127149
4/24/2006,0.000127149
4/25/2006,0.000128195
4/26/2006,0.000128195
4/27/2006,0.000127933
4/28/2006,0.000127672
5/1/2006,0.000128979
5/2/2006,0.000128718
5/3/2006,0.000128979
5/4/2006,0.000128456
5/5/2006,0.000129241
5/8/2006,0.000130286
5/9/2006,0.000130547
5/10/2006,0.000130547
5/11/2006,0.000128979
5/12/2006,0.000129763
5/15/2006,0.000130025
5/16/2006,0.000129241
5/17/2006,0.000129241
5/18/2006,0.000129241
5/19/2006,0.000128979
5/22/2006,0.000129241
5/23/2006,0.000129502
5/24/2006,0.000128979
5/25/2006,0.000128979
5/26/2006,0.000129502
5/30/2006,0.000129502
5/31/2006,0.000130025
6/1/2006,0.000129241
6/2/2006,0.000128718
6/5/2006,0.000129763
6/6/2006,0.000130025
6/7/2006,0.000130025
6/8/2006,0.000130286
6/9/2006,0.000130547
6/12/2006,0.000131853
6/13/2006,0.000130809
6/14/2006,0.00013107
6/15/2006,0.000129763
6/16/2006,0.000130547
6/19/2006,0.000131853
6/20/2006,0.000131592
6/21/2006,0.000131592
6/22/2006,0.000131592
6/23/2006,0.000133159
6/26/2006,0.000134463
6/27/2006,0.000134985
6/28/2006,0.000133942
6/29/2006,0.000133942
6/30/2006,0.000133942
7/3/2006,0.000135768
7/5/2006,0.000133942
7/6/2006,0.000133681
7/7/2006,0.000134202
7/10/2006,0.000135246
7/11/2006,0.000134985
7/12/2006,0.000135246
7/13/2006,0.000134985
7/14/2006,0.000135246
7/17/2006,0.00013655
7/18/2006,0.000137071
7/19/2006,0.00013655
7/20/2006,0.000135768
7/21/2006,0.000136289
7/24/2006,0.000136289
7/25/2006,0.000137071
7/26/2006,0.00013655
7/27/2006,0.000136289
7/28/2006,0.000135507
7/31/2006,0.000136289
8/1/2006,0.00013681
8/2/2006,0.000136289
8/3/2006,0.00013655
8/4/2006,0.000136028
8/7/2006,0.00013681
8/8/2006,0.000136289
8/9/2006,0.000135507
8/10/2006,0.000134985
8/11/2006,0.000135507
8/14/2006,0.00013681
8/15/2006,0.000136289
8/16/2006,0.000135507
8/17/2006,0.000136028
8/18/2006,0.000136289
8/21/2006,0.00013655
8/22/2006,0.000136289
8/23/2006,0.000136028
8/24/2006,0.000136028
8/25/2006,0.00013655
8/28/2006,0.000136289
8/29/2006,0.000135507
8/30/2006,0.000134985
8/31/2006,0.000134985
9/1/2006,0.000134202
9/5/2006,0.000133681
9/6/2006,0.000132898
9/7/2006,0.000132898
9/8/2006,0.000131853
9/11/2006,0.000131853
9/12/2006,0.00013107
9/13/2006,0.000131331
9/14/2006,0.000132376
9/15/2006,0.000132637
9/18/2006,0.000132114
9/19/2006,0.000132114
9/20/2006,0.000131853
9/21/2006,0.000131592
9/22/2006,0.000131853
9/25/2006,0.000130547
9/26/2006,0.000130547
9/27/2006,0.000130547
9/28/2006,0.000130286
9/29/2006,0.000130809
10/2/2006,0.000130547
10/3/2006,0.00013107
10/4/2006,0.000131853
10/5/2006,0.000132114
10/6/2006,0.000132376
10/10/2006,0.000133681
10/11/2006,0.000134202
10/12/2006,0.000135246
10/13/2006,0.000134985
10/16/2006,0.000136028
10/17/2006,0.000136028
10/18/2006,0.000136028
10/19/2006,0.000136289
10/20/2006,0.000136028
10/23/2006,0.00013681
10/24/2006,0.000137071
10/25/2006,0.00013681
10/26/2006,0.00013681
10/27/2006,0.00013655
10/30/2006,0.000136289
10/31/2006,0.000135768
11/1/2006,0.000135507
11/2/2006,0.000135507
11/3/2006,0.000136028
11/6/2006,0.000136028
11/7/2006,0.000135768
11/8/2006,0.000136289
11/9/2006,0.000136028
11/10/2006,0.000136289
11/13/2006,0.000136028
11/14/2006,0.000136028
11/15/2006,0.000136028
11/16/2006,0.000136028
11/17/2006,0.000136028
11/20/2006,0.000135768
11/21/2006,0.000135507
11/22/2006,0.000134985
11/24/2006,0.000134724
11/27/2006,0.000134985
11/28/2006,0.000134724
11/29/2006,0.000134724
11/30/2006,0.000134463
12/1/2006,0.000134463
12/4/2006,0.000133942
12/5/2006,0.00013342
12/6/2006,0.00013342
12/7/2006,0.000133159
12/8/2006,0.000132898
12/11/2006,0.000131853
12/12/2006,0.000131853
12/13/2006,0.000132114
12/14/2006,0.000132637
12/15/2006,0.000131331
12/18/2006,0.000132637
12/19/2006,0.000132637
12/20/2006,0.000132637
12/21/2006,0.000132898
12/22/2006,0.00013342
12/26/2006,0.00013342
12/27/2006,0.000132898
12/28/2006,0.000133681
12/29/2006,0.000134202
1/2/2007,0.000135507
1/3/2007,0.000134985
1/4/2007,0.000134724
1/5/2007,0.000134985
1/8/2007,0.000135768
1/9/2007,0.000135768
1/10/2007,0.000136028
1/11/2007,0.00013655
1/12/2007,0.000136028
1/16/2007,0.00013655
1/17/2007,0.00013681
1/18/2007,0.00013681
1/19/2007,0.000137332
1/22/2007,0.000137071
1/23/2007,0.000137332
1/24/2007,0.000137071
1/25/2007,0.000137332
1/26/2007,0.000137071
1/29/2007,0.000137332
1/30/2007,0.000137071
1/31/2007,0.00013681
2/1/2007,0.000137071
2/2/2007,0.000137332
2/5/2007,0.000137592
2/6/2007,0.000137332
2/7/2007,0.000137592
2/8/2007,0.000137853
2/9/2007,0.000137592
2/12/2007,0.000138374
2/13/2007,0.000138113
2/14/2007,0.000137853
2/15/2007,0.000138113
2/16/2007,0.000138113
2/20/2007,0.000138634
2/21/2007,0.000138374
2/22/2007,0.000138634
2/23/2007,0.000138374
2/26/2007,0.000138634
2/27/2007,0.000137332
2/28/2007,0.000137853
3/1/2007,0.000137592
3/2/2007,0.00013681
3/5/2007,0.000136289
3/6/2007,0.000137332
3/7/2007,0.00013681
3/8/2007,0.000136289
3/9/2007,0.000136289
3/12/2007,0.000136028
3/13/2007,0.000136028
3/14/2007,0.000135246
3/15/2007,0.000134985
3/16/2007,0.000134724
3/19/2007,0.000135246
3/20/2007,0.000135246
3/21/2007,0.000134985
3/22/2007,0.000135246
3/23/2007,0.000135768
3/26/2007,0.000135246
3/27/2007,0.000135768
3/28/2007,0.000135246
3/29/2007,0.000134985
3/30/2007,0.000134724
4/2/2007,0.000134724
4/3/2007,0.000134985
4/4/2007,0.000135507
4/5/2007,0.000134724
4/6/2007,0.000134985
4/9/2007,0.000134202
4/10/2007,0.000134463
4/11/2007,0.000134724
4/12/2007,0.000134463
4/13/2007,0.000134202
4/16/2007,0.000133942
4/17/2007,0.000133942
4/18/2007,0.000133681
4/19/2007,0.00013342
4/20/2007,0.00013342
4/23/2007,0.000133159
4/24/2007,0.000133159
4/25/2007,0.000132898
4/26/2007,0.000132637
4/27/2007,0.000132376
4/30/2007,0.000131331
5/1/2007,0.00013107
5/2/2007,0.000131331
5/3/2007,0.00013107
5/4/2007,0.00013107
5/7/2007,0.000130809
5/8/2007,0.00013107
5/9/2007,0.000130547
5/10/2007,0.000130286
5/11/2007,0.000130286
5/14/2007,0.000129763
5/15/2007,0.000129241
5/16/2007,0.000127149
5/17/2007,0.000128718
5/18/2007,0.000129502
5/21/2007,0.000130547
5/22/2007,0.000131853
5/23/2007,0.000131331
5/24/2007,0.000131331
5/25/2007,0.000130547
5/29/2007,0.00013107
5/30/2007,0.000129763
5/31/2007,0.000126626
6/1/2007,0.000128195
6/4/2007,0.000128718
6/5/2007,0.000129241
6/6/2007,0.000128456
6/7/2007,0.000128456
6/8/2007,0.000127672
6/11/2007,0.000126626
6/12/2007,0.000126364
6/13/2007,0.000124794
6/14/2007,0.000124532
6/15/2007,0.000122174
6/18/2007,0.000124008
6/19/2007,0.000124532
6/20/2007,0.000126887
6/21/2007,0.000125841
6/22/2007,0.000126626
6/25/2007,0.000128979
6/26/2007,0.000128979
6/27/2007,0.000127672
6/28/2007,0.000127933
6/29/2007,0.000128979
7/2/2007,0.000132376
7/3/2007,0.000132376
7/5/2007,0.000132376
7/6/2007,0.000132376
7/9/2007,0.000132898
7/10/2007,0.000132376
7/11/2007,0.000132376
7/12/2007,0.000132898
7/13/2007,0.000132898
7/16/2007,0.000133159
7/17/2007,0.000132637
7/18/2007,0.000132637
7/19/2007,0.000133159
7/20/2007,0.000132898
7/23/2007,0.000134202
7/24/2007,0.000134202
7/25/2007,0.00013342
7/26/2007,0.000131592
7/27/2007,0.000129763
7/30/2007,0.000132637
7/31/2007,0.000132637
8/1/2007,0.000130809
8/2/2007,0.000130809
8/3/2007,0.000129763
8/6/2007,0.000130547
8/7/2007,0.000132114
8/8/2007,0.000132376
8/9/2007,0.000128718
8/10/2007,0.000122436
8/13/2007,0.000126887
8/14/2007,0.00012427
8/15/2007,0.000112987
8/16/2007,0.000101921
8/17/2007,0.000101129
8/20/2007,8.42E-05
8/21/2007,9.66E-05
8/22/2007,9.88E-05
8/23/2007,0.00010456
8/24/2007,0.000113776
8/27/2007,0.000124008
8/28/2007,0.000117978
8/29/2007,0.000106933
8/30/2007,0.000103241
8/31/2007,0.000107723
9/4/2007,0.000119815
9/5/2007,0.000116928
9/6/2007,0.00011509
9/7/2007,0.000109303
9/10/2007,0.000106406
9/11/2007,0.000110356
9/12/2007,0.00010825
9/13/2007,0.000109567
9/14/2007,0.000107723
9/17/2007,0.000111409
9/18/2007,0.000107723
9/19/2007,0.000105615
9/20/2007,0.000101921
9/21/2007,0.000100601
9/24/2007,0.000103241
9/25/2007,0.000101921
9/26/2007,0.000100337
9/27/2007,9.98E-05
9/28/2007,0.000102713
10/1/2007,0.000105351
10/2/2007,0.000106406
10/3/2007,0.000106406
10/4/2007,0.000106406
10/5/2007,0.00010746
10/9/2007,0.00010904
10/10/2007,0.00010904
10/11/2007,0.00011062
10/12/2007,0.000112724
10/15/2007,0.000115352
10/16/2007,0.000114038
10/17/2007,0.000107723
10/18/2007,0.000101129
10/19/2007,0.000103769
10/22/2007,0.00010746
10/23/2007,0.000106933
10/24/2007,0.000103505
10/25/2007,0.000105879
10/26/2007,0.000106406
10/29/2007,0.000107723
10/30/2007,0.000106406
10/31/2007,0.000105879
11/1/2007,0.000102449
11/2/2007,9.72E-05
11/5/2007,9.98E-05
11/6/2007,0.000101129
11/7/2007,9.40E-05
11/8/2007,9.11E-05
11/9/2007,8.82E-05
11/13/2007,9.43E-05
11/14/2007,9.19E-05
11/15/2007,8.90E-05
11/16/2007,9.16E-05
11/19/2007,9.16E-05
11/20/2007,8.76E-05
11/21/2007,8.34E-05
11/23/2007,8.71E-05
11/26/2007,8.44E-05
11/27/2007,8.52E-05
11/28/2007,8.23E-05
11/29/2007,8.07E-05
11/30/2007,8.50E-05
12/3/2007,8.26E-05
12/4/2007,8.28E-05
12/5/2007,8.28E-05
12/6/2007,8.34E-05
12/7/2007,8.42E-05
12/10/2007,8.23E-05
12/11/2007,7.94E-05
12/12/2007,7.78E-05
12/13/2007,7.75E-05
12/14/2007,7.78E-05
12/17/2007,8.28E-05
12/18/2007,8.21E-05
12/19/2007,7.86E-05
12/20/2007,7.89E-05
12/21/2007,8.10E-05
12/24/2007,8.98E-05
12/26/2007,8.95E-05
12/27/2007,8.55E-05
12/28/2007,8.58E-05
12/31/2007,9.05E-05
1/2/2008,8.79E-05
1/3/2008,8.74E-05
1/4/2008,8.63E-05
1/7/2008,8.82E-05
1/8/2008,8.76E-05
1/9/2008,8.68E-05
1/10/2008,8.74E-05
1/11/2008,8.34E-05
1/14/2008,8.60E-05
1/15/2008,8.55E-05
1/16/2008,8.47E-05
1/17/2008,8.28E-05
1/18/2008,7.73E-05
1/22/2008,6.36E-05
1/23/2008,5.99E-05
1/24/2008,6.42E-05
1/25/2008,6.23E-05
1/28/2008,6.34E-05
1/29/2008,6.18E-05
1/30/2008,5.99E-05
1/31/2008,5.32E-05
2/1/2008,5.69E-05
2/4/2008,6.15E-05
2/5/2008,5.94E-05
2/6/2008,5.69E-05
2/7/2008,5.88E-05
2/8/2008,6.04E-05
2/11/2008,6.26E-05
2/12/2008,6.26E-05
2/13/2008,6.18E-05
2/14/2008,6.26E-05
2/15/2008,5.99E-05
2/19/2008,6.18E-05
2/20/2008,6.10E-05
2/21/2008,5.96E-05
2/22/2008,5.96E-05
2/25/2008,5.96E-05
2/26/2008,5.80E-05
2/27/2008,5.37E-05
2/28/2008,5.16E-05
2/29/2008,5.02E-05
3/3/2008,4.62E-05
3/4/2008,4.51E-05
3/5/2008,4.16E-05
3/6/2008,3.78E-05
3/7/2008,3.94E-05
3/10/2008,3.67E-05
3/11/2008,4.03E-05
3/12/2008,4.03E-05
3/13/2008,3.67E-05
3/14/2008,3.21E-05
3/17/2008,3.02E-05
3/18/2008,2.51E-05
3/19/2008,1.67E-05
3/20/2008,1.72E-05
3/24/2008,3.38E-05
3/25/2008,3.51E-05
3/26/2008,3.51E-05
3/27/2008,3.54E-05
3/28/2008,3.62E-05
3/31/2008,3.76E-05
4/1/2008,3.81E-05
4/2/2008,3.84E-05
4/3/2008,3.81E-05
4/4/2008,3.67E-05
4/7/2008,3.94E-05
4/8/2008,3.84E-05
4/9/2008,3.57E-05
4/10/2008,3.46E-05
4/11/2008,3.24E-05
4/14/2008,2.94E-05
4/15/2008,3.00E-05
4/16/2008,3.05E-05
4/17/2008,3.35E-05
4/18/2008,3.67E-05
4/21/2008,3.65E-05
4/22/2008,3.46E-05
4/23/2008,3.43E-05
4/24/2008,3.43E-05
4/25/2008,3.65E-05
4/28/2008,3.89E-05
4/29/2008,3.97E-05
4/30/2008,3.89E-05
5/1/2008,3.94E-05
5/2/2008,4.08E-05
5/5/2008,4.16E-05
5/6/2008,4.43E-05
5/7/2008,4.54E-05
5/8/2008,4.51E-05
5/9/2008,4.59E-05
5/12/2008,4.81E-05
5/13/2008,4.97E-05
5/14/2008,4.94E-05
5/15/2008,4.97E-05
5/16/2008,5.00E-05
5/19/2008,4.94E-05
5/20/2008,5.05E-05
5/21/2008,5.05E-05
5/22/2008,5.05E-05
5/23/2008,5.05E-05
5/27/2008,5.13E-05
5/28/2008,5.13E-05
5/29/2008,5.16E-05
5/30/2008,5.13E-05
6/2/2008,5.02E-05
6/3/2008,5.02E-05
6/4/2008,5.00E-05
6/5/2008,5.02E-05
6/6/2008,5.02E-05
6/9/2008,5.13E-05
6/10/2008,5.48E-05
6/11/2008,5.32E-05
6/12/2008,5.43E-05
6/13/2008,5.40E-05
6/16/2008,5.61E-05
6/17/2008,5.40E-05
6/18/2008,5.24E-05
6/19/2008,5.18E-05
6/20/2008,5.08E-05
6/23/2008,5.08E-05
6/24/2008,4.97E-05
6/25/2008,4.91E-05
6/26/2008,4.73E-05
6/27/2008,4.56E-05
6/30/2008,5.16E-05
7/1/2008,5.08E-05
7/2/2008,4.94E-05
7/3/2008,5.00E-05
7/7/2008,5.08E-05
7/8/2008,5.05E-05
7/9/2008,4.94E-05
7/10/2008,4.54E-05
7/11/2008,4.40E-05
7/14/2008,4.13E-05
7/15/2008,3.78E-05
7/16/2008,3.73E-05
7/17/2008,3.89E-05
7/18/2008,4.03E-05
7/21/2008,4.03E-05
7/22/2008,4.21E-05
7/23/2008,4.32E-05
7/24/2008,4.48E-05
7/25/2008,4.75E-05
7/28/2008,4.70E-05
7/29/2008,4.67E-05
7/30/2008,4.62E-05
7/31/2008,4.56E-05
8/1/2008,4.51E-05
8/4/2008,4.75E-05
8/5/2008,4.75E-05
8/6/2008,4.46E-05
8/7/2008,4.51E-05
8/8/2008,4.62E-05
8/11/2008,5.08E-05
8/12/2008,5.05E-05
8/13/2008,5.02E-05
8/14/2008,5.13E-05
8/15/2008,5.02E-05
8/18/2008,4.94E-05
8/19/2008,4.89E-05
8/20/2008,4.65E-05
8/21/2008,4.67E-05
8/22/2008,4.62E-05
8/25/2008,4.73E-05
8/26/2008,4.65E-05
8/27/2008,4.54E-05
8/28/2008,4.73E-05
8/29/2008,4.67E-05
9/2/2008,4.67E-05
9/3/2008,4.62E-05
9/4/2008,4.59E-05
9/5/2008,4.56E-05
9/8/2008,4.65E-05
9/9/2008,4.51E-05
9/10/2008,4.48E-05
9/11/2008,4.38E-05
9/12/2008,4.05E-05
9/15/2008,2.78E-05
9/16/2008,2.29E-05
9/17/2008,8.22E-07
9/18/2008,6.29E-06
9/19/2008,2.70E-05
9/22/2008,3.48E-05
9/23/2008,2.18E-05
9/24/2008,1.34E-05
9/25/2008,2.07E-05
9/26/2008,2.37E-05
9/29/2008,2.56E-05
9/30/2008,2.51E-05
10/1/2008,2.32E-05
10/2/2008,1.72E-05
10/3/2008,1.39E-05
10/6/2008,1.48E-05
10/7/2008,2.24E-05
10/8/2008,1.86E-05
10/9/2008,1.64E-05
10/10/2008,6.84E-06
10/14/2008,9.30E-06
10/15/2008,6.02E-06
10/16/2008,1.26E-05
10/17/2008,2.26E-05
10/20/2008,3.38E-05
10/21/2008,3.00E-05
10/22/2008,2.86E-05
10/23/2008,2.67E-05
10/24/2008,2.43E-05
10/27/2008,2.29E-05
10/28/2008,2.10E-05
10/29/2008,1.69E-05
10/30/2008,1.12E-05
10/31/2008,1.26E-05
11/3/2008,1.34E-05
11/4/2008,1.31E-05
11/5/2008,1.09E-05
11/6/2008,8.75E-06
11/7/2008,8.48E-06
11/10/2008,7.93E-06
11/12/2008,4.93E-06
11/13/2008,6.02E-06
11/14/2008,4.11E-06
11/17/2008,3.29E-06
11/18/2008,3.29E-06
11/19/2008,1.92E-06
11/20/2008,8.22E-07
11/21/2008,5.48E-07
11/24/2008,3.56E-06
11/25/2008,2.74E-06
11/26/2008,1.37E-06
11/28/2008,2.74E-07
12/1/2008,1.92E-06
12/2/2008,1.64E-06
12/3/2008,5.48E-07
12/4/2008,5.48E-07
12/5/2008,5.48E-07
12/8/2008,8.22E-07
12/9/2008,8.22E-07
12/10/2008,8.22E-07
12/11/2008,2.74E-07
12/12/2008,5.48E-07
12/15/2008,8.22E-07
12/16/2008,1.10E-06
12/17/2008,1.37E-06
12/18/2008,1.37E-06
12/19/2008,5.48E-07
12/22/2008,2.74E-07
12/23/2008,5.48E-07
12/24/2008,5.48E-07
12/26/2008,8.22E-07
12/29/2008,1.64E-06
12/30/2008,2.74E-06
12/31/2008,3.01E-06
1/2/2009,2.19E-06
1/5/2009,3.83E-06
1/6/2009,3.83E-06
1/7/2009,3.01E-06
1/8/2009,2.46E-06
1/9/2009,1.92E-06
1/12/2009,3.29E-06
1/13/2009,3.01E-06
1/14/2009,3.29E-06
1/15/2009,3.01E-06
1/16/2009,3.29E-06
1/20/2009,3.56E-06
1/21/2009,3.01E-06
1/22/2009,2.74E-06
1/23/2009,3.01E-06
1/26/2009,3.83E-06
1/27/2009,3.56E-06
1/28/2009,5.20E-06
1/29/2009,6.29E-06
1/30/2009,6.57E-06
2/2/2009,7.39E-06
2/3/2009,8.75E-06
2/4/2009,8.21E-06
2/5/2009,7.93E-06
2/6/2009,7.66E-06
2/9/2009,8.75E-06
2/10/2009,8.48E-06
2/11/2009,8.21E-06
2/12/2009,7.93E-06
2/13/2009,7.93E-06
2/17/2009,8.75E-06
2/18/2009,8.48E-06
2/19/2009,8.21E-06
2/20/2009,7.39E-06
2/23/2009,7.93E-06
2/24/2009,8.75E-06
2/25/2009,8.21E-06
2/26/2009,7.39E-06
2/27/2009,7.11E-06
3/2/2009,7.66E-06
3/3/2009,7.39E-06
3/4/2009,7.11E-06
3/5/2009,5.47E-06
3/6/2009,5.75E-06
3/9/2009,6.29E-06
3/10/2009,6.57E-06
3/11/2009,6.29E-06
3/12/2009,6.02E-06
3/13/2009,5.47E-06
3/16/2009,6.57E-06
3/17/2009,6.57E-06
3/18/2009,5.75E-06
3/19/2009,5.47E-06
3/20/2009,6.02E-06
3/23/2009,6.02E-06
3/24/2009,5.75E-06
3/25/2009,5.20E-06
3/26/2009,4.11E-06
3/27/2009,3.83E-06
3/30/2009,4.93E-06
3/31/2009,5.75E-06
4/1/2009,6.02E-06
4/2/2009,6.02E-06
4/3/2009,5.75E-06
4/6/2009,5.47E-06
4/7/2009,5.47E-06
4/8/2009,4.93E-06
4/9/2009,4.93E-06
4/13/2009,4.93E-06
4/14/2009,4.65E-06
4/15/2009,4.11E-06
4/16/2009,3.56E-06
4/17/2009,3.83E-06
4/20/2009,3.83E-06
4/21/2009,4.11E-06
4/22/2009,3.83E-06
4/23/2009,2.74E-06
4/24/2009,2.74E-06
4/27/2009,3.56E-06
4/28/2009,3.56E-06
4/29/2009,3.01E-06
4/30/2009,3.83E-06
5/1/2009,4.38E-06
5/4/2009,5.20E-06
5/5/2009,5.20E-06
5/6/2009,5.20E-06
5/7/2009,4.93E-06
5/8/2009,5.20E-06
5/11/2009,5.20E-06
5/12/2009,5.20E-06
5/13/2009,4.65E-06
5/14/2009,4.38E-06
5/15/2009,4.65E-06
5/18/2009,5.20E-06
5/19/2009,4.93E-06
5/20/2009,4.93E-06
5/21/2009,5.20E-06
5/22/2009,4.93E-06
5/26/2009,4.93E-06
5/27/2009,4.65E-06
5/28/2009,4.11E-06
5/29/2009,3.83E-06
6/1/2009,3.56E-06
6/2/2009,3.83E-06
6/3/2009,3.83E-06
6/4/2009,3.83E-06
6/5/2009,5.47E-06
6/8/2009,5.20E-06
6/9/2009,5.20E-06
6/10/2009,4.93E-06
6/11/2009,5.20E-06
6/12/2009,5.20E-06
6/15/2009,4.65E-06
6/16/2009,4.65E-06
6/17/2009,4.65E-06
6/18/2009,4.93E-06
6/19/2009,5.20E-06
6/22/2009,5.47E-06
6/23/2009,5.47E-06
6/24/2009,5.20E-06
6/25/2009,4.93E-06
6/26/2009,5.47E-06
6/29/2009,5.47E-06
6/30/2009,5.20E-06
7/1/2009,4.65E-06
7/2/2009,4.65E-06
7/6/2009,5.20E-06
7/7/2009,5.20E-06
7/8/2009,4.93E-06
7/9/2009,5.20E-06
7/10/2009,4.93E-06
7/13/2009,4.93E-06
7/14/2009,4.93E-06
7/15/2009,4.93E-06
7/16/2009,5.20E-06
7/17/2009,4.65E-06
7/20/2009,5.20E-06
7/21/2009,5.20E-06
7/22/2009,5.20E-06
7/23/2009,5.20E-06
7/24/2009,4.93E-06
7/27/2009,5.20E-06
7/28/2009,5.20E-06
7/29/2009,5.20E-06
7/30/2009,4.93E-06
7/31/2009,4.93E-06
8/3/2009,5.20E-06
8/4/2009,4.93E-06
8/5/2009,4.93E-06
8/6/2009,4.65E-06
8/7/2009,5.20E-06
8/10/2009,5.20E-06
8/11/2009,4.93E-06
8/12/2009,4.65E-06
8/13/2009,4.65E-06
8/14/2009,4.93E-06
8/17/2009,4.93E-06
8/18/2009,4.93E-06
8/19/2009,4.65E-06
8/20/2009,4.65E-06
8/21/2009,4.65E-06
8/24/2009,4.65E-06
8/25/2009,4.65E-06
8/26/2009,4.11E-06
8/27/2009,4.11E-06
8/28/2009,4.11E-06
8/31/2009,4.11E-06
9/1/2009,3.83E-06
9/2/2009,3.83E-06
9/3/2009,4.11E-06
9/4/2009,3.83E-06
9/8/2009,3.83E-06
9/9/2009,3.83E-06
9/10/2009,3.83E-06
9/11/2009,3.83E-06
9/14/2009,3.83E-06
9/15/2009,3.56E-06
9/16/2009,2.74E-06
9/17/2009,2.74E-06
9/18/2009,2.19E-06
9/21/2009,3.01E-06
9/22/2009,3.01E-06
9/23/2009,3.01E-06
9/24/2009,2.74E-06
9/25/2009,2.74E-06
9/28/2009,3.01E-06
9/29/2009,3.56E-06
9/30/2009,3.83E-06
10/1/2009,2.74E-06
10/2/2009,2.74E-06
10/5/2009,2.19E-06
10/6/2009,2.19E-06
10/7/2009,2.46E-06
10/8/2009,1.64E-06
10/9/2009,1.92E-06
10/13/2009,1.92E-06
10/14/2009,1.92E-06
10/15/2009,1.92E-06
10/16/2009,1.92E-06
10/19/2009,2.19E-06
10/20/2009,2.19E-06
10/21/2009,1.92E-06
10/22/2009,1.64E-06
10/23/2009,1.92E-06
10/26/2009,2.19E-06
10/27/2009,2.19E-06
10/28/2009,1.92E-06
10/29/2009,1.64E-06
10/30/2009,1.37E-06
11/2/2009,1.64E-06
11/3/2009,1.64E-06
11/4/2009,1.37E-06
11/5/2009,1.10E-06
11/6/2009,1.64E-06
11/9/2009,1.92E-06
11/10/2009,1.92E-06
11/12/2009,1.92E-06
11/13/2009,1.64E-06
11/16/2009,1.92E-06
11/17/2009,1.64E-06
11/18/2009,1.10E-06
11/19/2009,5.48E-07
11/20/2009,5.48E-07
11/23/2009,1.37E-06
11/24/2009,1.37E-06
11/25/2009,1.37E-06
11/27/2009,8.22E-07
11/30/2009,1.64E-06
12/1/2009,1.64E-06
12/2/2009,1.37E-06
12/3/2009,1.64E-06
12/4/2009,1.64E-06
12/7/2009,1.10E-06
12/8/2009,8.22E-07
12/9/2009,8.22E-07
12/10/2009,5.48E-07
12/11/2009,8.22E-07
12/14/2009,1.10E-06
12/15/2009,1.37E-06
12/16/2009,1.10E-06
12/17/2009,1.10E-06
12/18/2009,1.37E-06
12/21/2009,2.19E-06
12/22/2009,2.19E-06
12/23/2009,1.92E-06
12/24/2009,1.37E-06
12/28/2009,3.01E-06
12/29/2009,2.74E-06
12/30/2009,1.37E-06
12/31/2009,1.64E-06
1/4/2010,2.19E-06
1/5/2010,1.92E-06
1/6/2010,1.64E-06
1/7/2010,1.37E-06
1/8/2010,1.37E-06
1/11/2010,1.10E-06
1/12/2010,1.37E-06
1/13/2010,1.64E-06
1/14/2010,1.37E-06
1/15/2010,1.64E-06
1/19/2010,1.64E-06
1/20/2010,1.37E-06
1/21/2010,1.64E-06
1/22/2010,1.64E-06
1/25/2010,1.64E-06
1/26/2010,1.92E-06
1/27/2010,2.19E-06
1/28/2010,2.19E-06
1/29/2010,2.19E-06
2/1/2010,2.74E-06
2/2/2010,2.74E-06
2/3/2010,2.74E-06
2/4/2010,2.46E-06
2/5/2010,2.74E-06
2/8/2010,3.29E-06
2/9/2010,3.29E-06
2/10/2010,3.01E-06
2/11/2010,3.01E-06
2/12/2010,2.74E-06
2/16/2010,2.74E-06
2/17/2010,2.74E-06
2/18/2010,2.74E-06
2/19/2010,3.01E-06
2/22/2010,3.01E-06
2/23/2010,3.29E-06
2/24/2010,3.29E-06
2/25/2010,3.56E-06
2/26/2010,3.56E-06
3/1/2010,3.56E-06
3/2/2010,3.83E-06
3/3/2010,3.83E-06
3/4/2010,3.83E-06
3/5/2010,4.11E-06
3/8/2010,4.38E-06
3/9/2010,4.38E-06
3/10/2010,4.11E-06
3/11/2010,4.38E-06
3/12/2010,4.11E-06
3/15/2010,4.65E-06
3/16/2010,4.38E-06
3/17/2010,4.11E-06
3/18/2010,4.38E-06
3/19/2010,4.38E-06
3/22/2010,4.11E-06
3/23/2010,3.83E-06
3/24/2010,3.83E-06
3/25/2010,3.83E-06
3/26/2010,3.83E-06
3/29/2010,4.11E-06
3/30/2010,4.38E-06
3/31/2010,4.38E-06
4/1/2010,4.38E-06
4/2/2010,4.38E-06
4/5/2010,4.93E-06
4/6/2010,4.65E-06
4/7/2010,4.65E-06
4/8/2010,4.65E-06
4/9/2010,4.38E-06
4/12/2010,4.38E-06
4/13/2010,4.38E-06
4/14/2010,4.38E-06
4/15/2010,4.38E-06
4/16/2010,4.38E-06
4/19/2010,4.38E-06
4/20/2010,4.38E-06
4/21/2010,4.11E-06
4/22/2010,4.38E-06
4/23/2010,4.38E-06
4/26/2010,4.38E-06
4/27/2010,4.38E-06
4/28/2010,4.38E-06
4/29/2010,4.65E-06
4/30/2010,4.38E-06
5/3/2010,4.65E-06
5/4/2010,4.38E-06
5/5/2010,4.11E-06
5/6/2010,3.01E-06
5/7/2010,3.56E-06
5/10/2010,4.38E-06
5/11/2010,4.38E-06
5/12/2010,4.38E-06
5/13/2010,4.38E-06
5/14/2010,4.38E-06
5/17/2010,4.38E-06
5/18/2010,4.65E-06
5/19/2010,4.65E-06
5/20/2010,4.65E-06
5/21/2010,4.65E-06
5/24/2010,4.65E-06
5/25/2010,4.65E-06
5/26/2010,4.65E-06
5/27/2010,4.65E-06
5/28/2010,4.38E-06
6/1/2010,4.38E-06
6/2/2010,4.38E-06
6/3/2010,3.83E-06
6/4/2010,3.83E-06
6/7/2010,3.29E-06
6/8/2010,3.29E-06
6/9/2010,2.74E-06
6/10/2010,2.74E-06
6/11/2010,2.19E-06
6/14/2010,1.92E-06
6/15/2010,2.46E-06
6/16/2010,2.74E-06
6/17/2010,2.46E-06
6/18/2010,3.01E-06
6/21/2010,3.29E-06
6/22/2010,3.56E-06
6/23/2010,3.56E-06
6/24/2010,3.56E-06
6/25/2010,3.56E-06
6/28/2010,4.65E-06
6/29/2010,4.11E-06
6/30/2010,4.93E-06
7/1/2010,4.65E-06
7/2/2010,4.65E-06
7/6/2010,4.65E-06
7/7/2010,4.38E-06
7/8/2010,4.11E-06
7/9/2010,4.38E-06
7/12/2010,4.38E-06
7/13/2010,4.11E-06
7/14/2010,4.11E-06
7/15/2010,4.11E-06
7/16/2010,4.11E-06
7/19/2010,4.65E-06
7/20/2010,4.38E-06
7/21/2010,4.38E-06
7/22/2010,4.38E-06
7/23/2010,4.38E-06
7/26/2010,4.38E-06
7/27/2010,4.11E-06
7/28/2010,4.11E-06
7/29/2010,4.11E-06
7/30/2010,4.11E-06
8/2/2010,4.38E-06
8/3/2010,4.38E-06
8/4/2010,4.38E-06
8/5/2010,4.11E-06
8/6/2010,4.11E-06
8/9/2010,4.11E-06
8/10/2010,4.11E-06
8/11/2010,4.11E-06
8/12/2010,4.38E-06
8/13/2010,4.11E-06
8/16/2010,4.38E-06
8/17/2010,4.65E-06
8/18/2010,4.38E-06
8/19/2010,4.38E-06
8/20/2010,4.11E-06
8/23/2010,4.38E-06
8/24/2010,4.38E-06
8/25/2010,4.38E-06
8/26/2010,4.38E-06
8/27/2010,4.11E-06
8/30/2010,3.83E-06
8/31/2010,3.83E-06
9/1/2010,3.56E-06
9/2/2010,3.83E-06
9/3/2010,3.83E-06
9/7/2010,3.83E-06
9/8/2010,3.83E-06
9/9/2010,3.83E-06
9/10/2010,3.83E-06
9/13/2010,4.11E-06
9/14/2010,4.11E-06
9/15/2010,4.11E-06
9/16/2010,4.38E-06
9/17/2010,4.38E-06
9/20/2010,4.65E-06
9/21/2010,4.65E-06
9/22/2010,4.38E-06
9/23/2010,4.38E-06
9/24/2010,4.11E-06
9/27/2010,4.38E-06
9/28/2010,4.38E-06
9/29/2010,4.38E-06
9/30/2010,4.38E-06
10/1/2010,4.38E-06
10/4/2010,3.56E-06
10/5/2010,3.29E-06
10/6/2010,3.56E-06
10/7/2010,3.56E-06
10/8/2010,3.29E-06
10/12/2010,3.56E-06
10/13/2010,3.56E-06
10/14/2010,3.83E-06
10/15/2010,3.83E-06
10/18/2010,4.11E-06
10/19/2010,3.83E-06
10/20/2010,3.83E-06
10/21/2010,3.56E-06
10/22/2010,3.56E-06
10/25/2010,3.83E-06
10/26/2010,3.83E-06
10/27/2010,3.83E-06
10/28/2010,3.56E-06
10/29/2010,3.29E-06
11/1/2010,3.56E-06
11/2/2010,3.56E-06
11/3/2010,3.56E-06
11/4/2010,3.56E-06
11/5/2010,3.56E-06
11/8/2010,3.56E-06
11/9/2010,3.56E-06
11/10/2010,3.56E-06
11/12/2010,3.56E-06
11/15/2010,3.83E-06
11/16/2010,4.11E-06
11/17/2010,3.83E-06
11/18/2010,4.11E-06
11/19/2010,3.83E-06
11/22/2010,4.11E-06
11/23/2010,4.11E-06
11/24/2010,4.38E-06
11/26/2010,4.38E-06
11/29/2010,4.93E-06
11/30/2010,4.65E-06
12/1/2010,4.38E-06
12/2/2010,4.38E-06
12/3/2010,3.83E-06
12/6/2010,4.11E-06
12/7/2010,3.83E-06
12/8/2010,4.11E-06
12/9/2010,3.83E-06
12/10/2010,3.56E-06
12/13/2010,4.11E-06
12/14/2010,4.11E-06
12/15/2010,3.83E-06
12/16/2010,3.56E-06
12/17/2010,3.01E-06
12/20/2010,3.83E-06
12/21/2010,3.83E-06
12/22/2010,3.83E-06
12/23/2010,3.83E-06
12/27/2010,4.65E-06
12/28/2010,4.11E-06
12/29/2010,3.56E-06
12/30/2010,3.29E-06
12/31/2010,3.29E-06
1/3/2011,4.11E-06
1/4/2011,3.83E-06
1/5/2011,3.83E-06
1/6/2011,4.11E-06
1/7/2011,3.83E-06
1/10/2011,4.11E-06
1/11/2011,4.11E-06
1/12/2011,4.11E-06
1/13/2011,4.11E-06
1/14/2011,4.11E-06
1/18/2011,4.38E-06
1/19/2011,4.38E-06
1/20/2011,4.38E-06
1/21/2011,4.38E-06
1/24/2011,4.38E-06
1/25/2011,4.38E-06
1/26/2011,4.38E-06
1/27/2011,4.11E-06
1/28/2011,4.11E-06
1/31/2011,4.11E-06
2/1/2011,4.11E-06
2/2/2011,4.38E-06
2/3/2011,3.83E-06
2/4/2011,4.11E-06
2/7/2011,4.38E-06
2/8/2011,4.11E-06
2/9/2011,3.83E-06
2/10/2011,3.29E-06
2/11/2011,3.29E-06
2/14/2011,3.56E-06
2/15/2011,3.56E-06
2/16/2011,3.29E-06
2/17/2011,2.46E-06
2/18/2011,2.74E-06
2/22/2011,3.29E-06
2/23/2011,3.29E-06
2/24/2011,3.56E-06
2/25/2011,3.56E-06
2/28/2011,4.11E-06
3/1/2011,3.83E-06
3/2/2011,3.56E-06
3/3/2011,3.56E-06
3/4/2011,3.29E-06
3/7/2011,3.01E-06
3/8/2011,3.01E-06
3/9/2011,2.74E-06
3/10/2011,2.19E-06
3/11/2011,2.19E-06
3/14/2011,2.46E-06
3/15/2011,2.74E-06
3/16/2011,2.74E-06
3/17/2011,2.19E-06
3/18/2011,1.92E-06
3/21/2011,2.74E-06
3/22/2011,2.74E-06
3/23/2011,2.46E-06
3/24/2011,2.46E-06
3/25/2011,2.46E-06
3/28/2011,3.01E-06
3/29/2011,2.74E-06
3/30/2011,2.74E-06
3/31/2011,2.46E-06
4/1/2011,1.92E-06
4/4/2011,1.64E-06
4/5/2011,1.92E-06
4/6/2011,1.64E-06
4/7/2011,1.10E-06
4/8/2011,1.10E-06
4/11/2011,1.37E-06
4/12/2011,1.37E-06
4/13/2011,1.64E-06
4/14/2011,1.92E-06
4/15/2011,1.92E-06
4/18/2011,1.92E-06
4/19/2011,1.64E-06
4/20/2011,1.64E-06
4/21/2011,1.64E-06
4/25/2011,1.92E-06
4/26/2011,1.92E-06
4/27/2011,1.64E-06
4/28/2011,1.10E-06
4/29/2011,1.10E-06
5/2/2011,1.37E-06
5/3/2011,8.22E-07
5/4/2011,8.22E-07
5/5/2011,5.48E-07
5/6/2011,5.48E-07
5/9/2011,8.22E-07
5/10/2011,8.22E-07
5/11/2011,8.22E-07
5/12/2011,5.48E-07
5/13/2011,8.22E-07
5/16/2011,1.10E-06
5/17/2011,1.10E-06
5/18/2011,1.37E-06
5/19/2011,1.37E-06
5/20/2011,1.37E-06
5/23/2011,1.64E-06
5/24/2011,1.64E-06
5/25/2011,1.64E-06
5/26/2011,1.37E-06
5/27/2011,1.37E-06
5/31/2011,1.64E-06
6/1/2011,1.37E-06
6/2/2011,1.10E-06
6/3/2011,1.10E-06
6/6/2011,1.37E-06
6/7/2011,1.37E-06
6/8/2011,1.10E-06
6/9/2011,1.37E-06
6/10/2011,1.37E-06
6/13/2011,1.37E-06
6/14/2011,1.37E-06
6/15/2011,1.37E-06
6/16/2011,1.37E-06
6/17/2011,1.10E-06
6/20/2011,8.22E-07
6/21/2011,8.22E-07
6/22/2011,5.48E-07
6/23/2011,2.74E-07
6/24/2011,5.48E-07
6/27/2011,5.48E-07
6/28/2011,8.22E-07
6/29/2011,5.48E-07
6/30/2011,8.22E-07
7/1/2011,5.48E-07
7/5/2011,5.48E-07
7/6/2011,2.74E-07
7/7/2011,8.22E-07
7/8/2011,8.22E-07
7/11/2011,8.22E-07
7/12/2011,8.22E-07
7/13/2011,2.74E-07
7/14/2011,2.74E-07
7/15/2011,5.48E-07
7/18/2011,5.48E-07
7/19/2011,8.22E-07
7/20/2011,5.48E-07
7/21/2011,1.37E-06
7/22/2011,1.37E-06
7/25/2011,1.37E-06
7/26/2011,1.92E-06
7/27/2011,2.19E-06
7/28/2011,1.92E-06
7/29/2011,2.74E-06
8/1/2011,2.74E-06
8/2/2011,1.64E-06
8/3/2011,5.48E-07
8/4/2011,5.48E-07
8/5/2011,2.74E-07
8/8/2011,1.37E-06
8/9/2011,8.22E-07
8/10/2011,5.48E-07
8/11/2011,8.22E-07
8/12/2011,5.48E-07
8/15/2011,5.48E-07
8/16/2011,8.22E-07
8/17/2011,2.74E-07
8/18/2011,2.74E-07
8/19/2011,5.48E-07
8/22/2011,2.74E-07
8/23/2011,2.74E-07
8/24/2011,5.48E-07
8/25/2011,2.74E-07
8/26/2011,2.74E-07
8/29/2011,5.48E-07
8/30/2011,2.74E-07
8/31/2011,5.48E-07
9/1/2011,5.48E-07
9/2/2011,5.48E-07
9/6/2011,5.48E-07
9/7/2011,5.48E-07
9/8/2011,5.48E-07
9/9/2011,2.74E-07
9/12/2011,2.74E-07
9/13/2011,2.74E-07
9/14/2011,2.74E-07
9/15/2011,2.74E-07
9/16/2011,2.74E-07
9/19/2011,2.74E-07
9/20/2011,2.74E-07
9/21/2011,2.74E-07
9/22/2011,0
9/23/2011,2.74E-07
9/26/2011,5.48E-07
9/27/2011,2.74E-07
9/28/2011,5.48E-07
9/29/2011,5.48E-07
9/30/2011,5.48E-07
10/3/2011,5.48E-07
10/4/2011,2.74E-07
10/5/2011,0
10/6/2011,2.74E-07
10/7/2011,2.74E-07
10/11/2011,5.48E-07
10/12/2011,5.48E-07
10/13/2011,5.48E-07
10/14/2011,5.48E-07
10/17/2011,1.10E-06
10/18/2011,1.10E-06
10/19/2011,8.22E-07
10/20/2011,8.22E-07
10/21/2011,5.48E-07
10/24/2011,5.48E-07
10/25/2011,2.74E-07
10/26/2011,5.48E-07
10/27/2011,5.48E-07
10/28/2011,2.74E-07
10/31/2011,2.74E-07
11/1/2011,2.74E-07
11/2/2011,2.74E-07
11/3/2011,2.74E-07
11/4/2011,2.74E-07
11/7/2011,2.74E-07
11/8/2011,2.74E-07
11/9/2011,2.74E-07
11/10/2011,2.74E-07
11/14/2011,2.74E-07
11/15/2011,2.74E-07
11/16/2011,2.74E-07
11/17/2011,5.48E-07
11/18/2011,2.74E-07
11/21/2011,5.48E-07
11/22/2011,5.48E-07
11/23/2011,5.48E-07
11/25/2011,5.48E-07
11/28/2011,8.22E-07
11/29/2011,5.48E-07
11/30/2011,2.74E-07
12/1/2011,2.74E-07
12/2/2011,5.48E-07
12/5/2011,2.74E-07
12/6/2011,2.74E-07
12/7/2011,5.48E-07
12/8/2011,2.74E-07
12/9/2011,2.74E-07
12/12/2011,2.74E-07
12/13/2011,2.74E-07
12/14/2011,2.74E-07
12/15/2011,0
12/16/2011,0
12/19/2011,2.74E-07
12/20/2011,2.74E-07
12/21/2011,2.74E-07
12/22/2011,2.74E-07
12/23/2011,2.74E-07
12/27/2011,5.48E-07
12/28/2011,2.74E-07
12/29/2011,5.48E-07
12/30/2011,5.48E-07
1/3/2012,5.48E-07
1/4/2012,5.48E-07
1/5/2012,5.48E-07
1/6/2012,5.48E-07
1/9/2012,2.74E-07
1/10/2012,5.48E-07
1/11/2012,5.48E-07
1/12/2012,8.22E-07
1/13/2012,8.22E-07
1/17/2012,8.22E-07
1/18/2012,8.22E-07
1/19/2012,1.37E-06
1/20/2012,1.37E-06
1/23/2012,1.10E-06
1/24/2012,1.10E-06
1/25/2012,1.10E-06
1/26/2012,1.37E-06
1/27/2012,1.64E-06
1/30/2012,1.37E-06
1/31/2012,1.64E-06
2/1/2012,1.64E-06
2/2/2012,2.19E-06
2/3/2012,2.19E-06
2/6/2012,2.19E-06
2/7/2012,2.19E-06
2/8/2012,2.46E-06
2/9/2012,2.46E-06
2/10/2012,2.46E-06
2/13/2012,3.01E-06
2/14/2012,3.29E-06
2/15/2012,3.01E-06
2/16/2012,2.74E-06
2/17/2012,2.46E-06
2/21/2012,2.19E-06
2/22/2012,2.46E-06
2/23/2012,2.46E-06
2/24/2012,2.74E-06
2/27/2012,3.29E-06
2/28/2012,2.74E-06
2/29/2012,2.19E-06
3/1/2012,2.19E-06
3/2/2012,1.92E-06
3/5/2012,2.19E-06
3/6/2012,2.19E-06
3/7/2012,2.19E-06
3/8/2012,2.19E-06
3/9/2012,2.46E-06
3/12/2012,2.46E-06
3/13/2012,2.19E-06
3/14/2012,2.46E-06
3/15/2012,2.19E-06
3/16/2012,2.46E-06
3/19/2012,2.74E-06
3/20/2012,2.74E-06
3/21/2012,2.46E-06
3/22/2012,2.19E-06
3/23/2012,2.19E-06
3/26/2012,2.46E-06
3/27/2012,2.46E-06
3/28/2012,2.46E-06
3/29/2012,1.92E-06
3/30/2012,1.92E-06
4/2/2012,2.19E-06
4/3/2012,2.19E-06
4/4/2012,2.19E-06
4/5/2012,2.19E-06
4/6/2012,1.92E-06
4/9/2012,2.46E-06
4/10/2012,2.46E-06
4/11/2012,2.46E-06
4/12/2012,2.46E-06
4/13/2012,2.46E-06
4/16/2012,2.19E-06
4/17/2012,2.19E-06
4/18/2012,1.92E-06
4/19/2012,1.92E-06
4/20/2012,2.19E-06
4/23/2012,2.19E-06
4/24/2012,2.46E-06
4/25/2012,2.46E-06
4/26/2012,2.46E-06
4/27/2012,2.46E-06
4/30/2012,2.74E-06
5/1/2012,2.46E-06
5/2/2012,2.19E-06
5/3/2012,2.46E-06
5/4/2012,1.92E-06
5/7/2012,2.74E-06
5/8/2012,2.46E-06
5/9/2012,2.46E-06
5/10/2012,2.74E-06
5/11/2012,2.74E-06
5/14/2012,2.74E-06
5/15/2012,2.46E-06
5/16/2012,2.74E-06
5/17/2012,2.74E-06
5/18/2012,2.19E-06
5/21/2012,2.46E-06
5/22/2012,2.46E-06
5/23/2012,2.46E-06
5/24/2012,2.74E-06
5/25/2012,2.46E-06
5/29/2012,2.46E-06
5/30/2012,1.92E-06
5/31/2012,1.92E-06
6/1/2012,1.92E-06
6/4/2012,2.19E-06
6/5/2012,2.19E-06
6/6/2012,2.46E-06
6/7/2012,2.46E-06
6/8/2012,2.46E-06
6/11/2012,2.46E-06
6/12/2012,2.74E-06
6/13/2012,2.74E-06
6/14/2012,3.01E-06
6/15/2012,2.46E-06
6/18/2012,2.74E-06
6/19/2012,2.46E-06
6/20/2012,2.46E-06
6/21/2012,2.46E-06
6/22/2012,2.46E-06
6/25/2012,2.74E-06
6/26/2012,2.74E-06
6/27/2012,2.46E-06
6/28/2012,2.46E-06
6/29/2012,2.46E-06
7/2/2012,2.74E-06
7/3/2012,2.46E-06
7/5/2012,2.19E-06
7/6/2012,2.19E-06
7/9/2012,2.46E-06
7/10/2012,2.46E-06
7/11/2012,2.74E-06
7/12/2012,2.74E-06
7/13/2012,2.74E-06
7/16/2012,2.74E-06
7/17/2012,2.74E-06
7/18/2012,2.46E-06
7/19/2012,2.46E-06
7/20/2012,2.46E-06
7/23/2012,2.74E-06
7/24/2012,2.74E-06
7/25/2012,2.74E-06
7/26/2012,3.01E-06
7/27/2012,3.01E-06
7/30/2012,3.01E-06
7/31/2012,3.01E-06
8/1/2012,2.74E-06
8/2/2012,2.46E-06
8/3/2012,2.46E-06
8/6/2012,2.74E-06
8/7/2012,3.01E-06
8/8/2012,3.01E-06
8/9/2012,3.01E-06
8/10/2012,2.74E-06
8/13/2012,3.01E-06
8/14/2012,3.01E-06
8/15/2012,2.46E-06
8/16/2012,2.46E-06
8/17/2012,2.46E-06
8/20/2012,3.01E-06
8/21/2012,3.01E-06
8/22/2012,3.01E-06
8/23/2012,3.01E-06
8/24/2012,2.74E-06
8/27/2012,3.01E-06
8/28/2012,2.74E-06
8/29/2012,3.29E-06
8/30/2012,2.74E-06
8/31/2012,2.46E-06
9/4/2012,2.74E-06
9/5/2012,3.01E-06
9/6/2012,3.01E-06
9/7/2012,3.01E-06
9/10/2012,2.74E-06
9/11/2012,2.74E-06
9/12/2012,2.74E-06
9/13/2012,2.74E-06
9/14/2012,3.01E-06
9/17/2012,3.01E-06
9/18/2012,2.74E-06
9/19/2012,3.01E-06
9/20/2012,3.01E-06
9/21/2012,3.01E-06
9/24/2012,3.01E-06
9/25/2012,3.01E-06
9/26/2012,3.01E-06
9/27/2012,2.46E-06
9/28/2012,2.74E-06
10/1/2012,2.46E-06
10/2/2012,2.46E-06
10/3/2012,2.46E-06
10/4/2012,2.74E-06
10/5/2012,3.01E-06
10/9/2012,2.74E-06
10/10/2012,2.74E-06
10/11/2012,2.74E-06
10/12/2012,3.01E-06
10/15/2012,3.01E-06
10/16/2012,2.46E-06
10/17/2012,3.01E-06
10/18/2012,2.74E-06
10/19/2012,2.74E-06
10/22/2012,2.74E-06
10/23/2012,3.01E-06
10/24/2012,3.01E-06
10/25/2012,3.01E-06
10/26/2012,3.29E-06
10/29/2012,3.83E-06
10/31/2012,3.01E-06
11/1/2012,2.46E-06
11/2/2012,2.46E-06
11/5/2012,3.01E-06
11/6/2012,2.74E-06
11/7/2012,2.74E-06
11/8/2012,2.74E-06
11/9/2012,2.46E-06
11/13/2012,3.01E-06
11/14/2012,2.74E-06
11/15/2012,2.19E-06
11/16/2012,1.64E-06
11/19/2012,2.46E-06
11/20/2012,2.19E-06
11/21/2012,2.74E-06
11/23/2012,2.74E-06
11/26/2012,2.74E-06
11/27/2012,2.74E-06
11/28/2012,2.74E-06
11/29/2012,2.46E-06
11/30/2012,2.19E-06
12/3/2012,2.74E-06
12/4/2012,2.74E-06
12/5/2012,2.74E-06
12/6/2012,2.74E-06
12/7/2012,2.46E-06
12/10/2012,2.46E-06
12/11/2012,2.19E-06
12/12/2012,1.92E-06
12/13/2012,1.64E-06
12/14/2012,1.10E-06
12/17/2012,1.37E-06
12/18/2012,1.64E-06
12/19/2012,1.37E-06
12/20/2012,1.64E-06
12/21/2012,1.64E-06
12/24/2012,1.64E-06
12/26/2012,2.46E-06
12/27/2012,2.19E-06
12/28/2012,2.74E-07
12/31/2012,1.37E-06
1/2/2013,2.19E-06
1/3/2013,2.19E-06
1/4/2013,1.92E-06
1/7/2013,1.92E-06
1/8/2013,1.92E-06
1/9/2013,1.64E-06
1/10/2013,1.64E-06
1/11/2013,1.92E-06
1/14/2013,2.19E-06
1/15/2013,2.46E-06
1/16/2013,2.19E-06
1/17/2013,1.92E-06
1/18/2013,2.19E-06
1/22/2013,2.19E-06
1/23/2013,2.19E-06
1/24/2013,2.19E-06
1/25/2013,2.19E-06
1/28/2013,1.92E-06
1/29/2013,1.92E-06
1/30/2013,1.92E-06
1/31/2013,1.92E-06
2/1/2013,1.64E-06
2/4/2013,1.92E-06
2/5/2013,1.92E-06
2/6/2013,1.92E-06
2/7/2013,1.92E-06
2/8/2013,1.92E-06
2/11/2013,2.46E-06
2/12/2013,2.46E-06
2/13/2013,2.74E-06
2/14/2013,3.01E-06
2/15/2013,2.74E-06
2/19/2013,3.29E-06
2/20/2013,3.29E-06
2/21/2013,3.56E-06
2/22/2013,3.56E-06
2/25/2013,3.29E-06
2/26/2013,3.83E-06
2/27/2013,3.01E-06
2/28/2013,3.01E-06
3/1/2013,3.01E-06
3/4/2013,3.01E-06
3/5/2013,2.19E-06
3/6/2013,2.74E-06
3/7/2013,2.74E-06
3/8/2013,2.74E-06
3/11/2013,2.74E-06
3/12/2013,2.74E-06
3/13/2013,2.46E-06
3/14/2013,2.74E-06
3/15/2013,2.46E-06
3/18/2013,1.92E-06
3/19/2013,1.92E-06
3/20/2013,1.92E-06
3/21/2013,1.92E-06
3/22/2013,1.92E-06
3/25/2013,2.19E-06
3/26/2013,1.92E-06
3/27/2013,2.46E-06
3/28/2013,1.92E-06
4/1/2013,2.19E-06
4/2/2013,1.92E-06
4/3/2013,1.64E-06
4/4/2013,1.92E-06
4/5/2013,1.92E-06
4/8/2013,1.92E-06
4/9/2013,1.64E-06
4/10/2013,1.92E-06
4/11/2013,1.92E-06
4/12/2013,1.64E-06
4/15/2013,1.64E-06
4/16/2013,1.64E-06
4/17/2013,1.64E-06
4/18/2013,1.37E-06
4/19/2013,1.37E-06
4/22/2013,1.37E-06
4/23/2013,1.37E-06
4/24/2013,1.64E-06
4/25/2013,1.37E-06
4/26/2013,1.37E-06
4/29/2013,1.37E-06
4/30/2013,1.37E-06
5/1/2013,1.64E-06
5/2/2013,1.37E-06
5/3/2013,1.37E-06
5/6/2013,1.10E-06
5/7/2013,1.10E-06
5/8/2013,1.10E-06
5/9/2013,1.10E-06
5/10/2013,1.10E-06
5/13/2013,1.37E-06
5/14/2013,1.37E-06
5/15/2013,1.10E-06
5/16/2013,8.22E-07
5/17/2013,1.10E-06
5/20/2013,1.37E-06
5/21/2013,1.10E-06
5/22/2013,1.10E-06
5/23/2013,1.37E-06
5/24/2013,1.10E-06
5/28/2013,1.37E-06
5/29/2013,1.37E-06
5/30/2013,1.10E-06
5/31/2013,1.10E-06
6/3/2013,1.37E-06
6/4/2013,1.10E-06
6/5/2013,1.37E-06
6/6/2013,1.37E-06
6/7/2013,1.10E-06
6/10/2013,1.37E-06
6/11/2013,1.37E-06
6/12/2013,1.37E-06
6/13/2013,1.37E-06
6/14/2013,1.37E-06
6/17/2013,1.37E-06
6/18/2013,1.37E-06
6/19/2013,1.37E-06
6/20/2013,1.37E-06
6/21/2013,1.37E-06
6/24/2013,1.64E-06
6/25/2013,1.64E-06
6/26/2013,1.64E-06
6/27/2013,1.64E-06
6/28/2013,1.10E-06
7/1/2013,1.10E-06
7/2/2013,8.22E-07
7/3/2013,1.37E-06
7/5/2013,1.10E-06
7/8/2013,1.37E-06
7/9/2013,1.10E-06
7/10/2013,1.10E-06
7/11/2013,1.10E-06
7/12/2013,1.10E-06
7/15/2013,1.10E-06
7/16/2013,8.22E-07
7/17/2013,8.22E-07
7/18/2013,8.22E-07
7/19/2013,8.22E-07
7/22/2013,1.10E-06
7/23/2013,5.48E-07
7/24/2013,8.22E-07
7/25/2013,5.48E-07
7/26/2013,8.22E-07
7/29/2013,8.22E-07
7/30/2013,1.10E-06
7/31/2013,1.10E-06
8/1/2013,1.10E-06
8/2/2013,1.10E-06
8/5/2013,1.37E-06
8/6/2013,1.10E-06
8/7/2013,1.37E-06
8/8/2013,1.37E-06
8/9/2013,1.37E-06
8/12/2013,1.64E-06
8/13/2013,1.64E-06
8/14/2013,1.37E-06
8/15/2013,1.37E-06
8/16/2013,1.37E-06
8/19/2013,1.64E-06
8/20/2013,1.10E-06
8/21/2013,1.10E-06
8/22/2013,8.22E-07
8/23/2013,8.22E-07
8/26/2013,1.10E-06
8/27/2013,1.37E-06
8/28/2013,8.22E-07
8/29/2013,5.48E-07
8/30/2013,8.22E-07
9/3/2013,5.48E-07
9/4/2013,5.48E-07
9/5/2013,5.48E-07
9/6/2013,5.48E-07
9/9/2013,5.48E-07
9/10/2013,5.48E-07
9/11/2013,5.48E-07
9/12/2013,2.74E-07
9/13/2013,2.74E-07
9/16/2013,5.48E-07
9/17/2013,2.74E-07
9/18/2013,2.74E-07
9/19/2013,2.74E-07
9/20/2013,2.74E-07
9/23/2013,5.48E-07
9/24/2013,5.48E-07
9/25/2013,5.48E-07
9/26/2013,0
9/27/2013,5.48E-07
9/30/2013,5.48E-07
10/1/2013,5.48E-07
10/2/2013,5.48E-07
10/3/2013,8.22E-07
10/4/2013,8.22E-07
10/7/2013,8.22E-07
10/8/2013,1.37E-06
10/9/2013,1.37E-06
10/10/2013,1.37E-06
10/11/2013,2.19E-06
10/15/2013,3.83E-06
10/16/2013,2.74E-06
10/17/2013,1.37E-06
10/18/2013,1.10E-06
10/21/2013,1.10E-06
10/22/2013,1.10E-06
10/23/2013,1.10E-06
10/24/2013,8.22E-07
10/25/2013,1.10E-06
10/28/2013,1.10E-06
10/29/2013,1.10E-06
10/30/2013,1.10E-06
10/31/2013,1.10E-06
11/1/2013,1.10E-06
11/4/2013,1.37E-06
11/5/2013,1.37E-06
11/6/2013,1.37E-06
11/7/2013,1.37E-06
11/8/2013,1.64E-06
11/12/2013,2.19E-06
11/13/2013,2.19E-06
11/14/2013,2.19E-06
11/15/2013,2.19E-06
11/18/2013,2.46E-06
11/19/2013,2.19E-06
11/20/2013,2.19E-06
11/21/2013,1.92E-06
11/22/2013,1.92E-06
11/25/2013,2.19E-06
11/26/2013,1.92E-06
11/27/2013,1.92E-06
11/29/2013,1.64E-06
12/2/2013,1.37E-06
12/3/2013,1.64E-06
12/4/2013,1.64E-06
12/5/2013,1.64E-06
12/6/2013,1.64E-06
12/9/2013,1.92E-06
12/10/2013,1.92E-06
12/11/2013,1.92E-06
12/12/2013,1.92E-06
12/13/2013,1.92E-06
12/16/2013,1.92E-06
12/17/2013,1.92E-06
12/18/2013,1.92E-06
12/19/2013,1.64E-06
12/20/2013,1.92E-06
12/23/2013,1.92E-06
12/24/2013,1.92E-06
12/26/2013,1.92E-06
12/27/2013,1.92E-06
12/30/2013,1.92E-06
12/31/2013,1.92E-06
1/2/2014,1.92E-06
1/3/2014,1.92E-06
1/6/2014,1.37E-06
1/7/2014,1.10E-06
1/8/2014,1.37E-06
1/9/2014,1.10E-06
1/10/2014,1.37E-06
1/13/2014,8.22E-07
1/14/2014,1.10E-06
1/15/2014,1.10E-06
1/16/2014,1.10E-06
1/17/2014,1.37E-06
1/21/2014,1.10E-06
1/22/2014,1.10E-06
1/23/2014,1.10E-06
1/24/2014,1.10E-06
1/27/2014,1.37E-06
1/28/2014,1.37E-06
1/29/2014,1.10E-06
1/30/2014,5.48E-07
1/31/2014,5.48E-07
2/3/2014,1.37E-06
2/4/2014,1.64E-06
2/5/2014,1.92E-06
2/6/2014,1.92E-06
2/7/2014,2.19E-06
2/10/2014,1.92E-06
2/11/2014,1.37E-06
2/12/2014,1.37E-06
2/13/2014,8.22E-07
2/14/2014,5.48E-07
2/18/2014,1.37E-06
2/19/2014,1.64E-06
2/20/2014,1.37E-06
2/21/2014,1.37E-06
2/24/2014,1.37E-06
2/25/2014,1.37E-06
2/26/2014,1.37E-06
2/27/2014,1.10E-06
2/28/2014,1.37E-06
3/3/2014,1.37E-06
3/4/2014,1.37E-06
3/5/2014,1.64E-06
3/6/2014,1.37E-06
3/7/2014,1.64E-06
3/10/2014,1.37E-06
3/11/2014,1.37E-06
3/12/2014,1.37E-06
3/13/2014,1.37E-06
3/14/2014,1.37E-06
3/17/2014,1.64E-06
3/18/2014,1.37E-06
3/19/2014,1.64E-06
3/20/2014,1.64E-06
3/21/2014,1.64E-06
3/24/2014,1.64E-06
3/25/2014,1.37E-06
3/26/2014,1.37E-06
3/27/2014,1.10E-06
3/28/2014,1.10E-06
3/31/2014,1.37E-06
4/1/2014,1.10E-06
4/2/2014,5.48E-07
4/3/2014,5.48E-07
4/4/2014,8.22E-07
4/7/2014,8.22E-07
4/8/2014,8.22E-07
4/9/2014,1.10E-06
4/10/2014,1.10E-06
4/11/2014,1.10E-06
4/14/2014,1.10E-06
4/15/2014,1.10E-06
4/16/2014,1.10E-06
4/17/2014,8.22E-07
4/21/2014,1.10E-06
4/22/2014,8.22E-07
4/23/2014,5.48E-07
4/24/2014,2.74E-07
4/25/2014,8.22E-07
4/28/2014,8.22E-07
4/29/2014,5.48E-07
4/30/2014,8.22E-07
5/1/2014,8.22E-07
5/2/2014,5.48E-07
5/5/2014,8.22E-07
5/6/2014,8.22E-07
5/7/2014,8.22E-07
5/8/2014,8.22E-07
5/9/2014,8.22E-07
5/12/2014,8.22E-07
5/13/2014,8.22E-07
5/14/2014,8.22E-07
5/15/2014,8.22E-07
5/16/2014,8.22E-07
5/19/2014,8.22E-07
5/20/2014,8.22E-07
5/21/2014,1.10E-06
5/22/2014,8.22E-07
5/23/2014,1.10E-06
5/27/2014,1.10E-06
5/28/2014,1.10E-06
5/29/2014,1.10E-06
5/30/2014,1.10E-06
6/2/2014,1.10E-06
6/3/2014,1.10E-06
6/4/2014,1.10E-06
6/5/2014,1.10E-06
6/6/2014,1.10E-06
6/9/2014,1.10E-06
6/10/2014,1.10E-06
6/11/2014,1.10E-06
6/12/2014,1.10E-06
6/13/2014,1.10E-06
6/16/2014,1.10E-06
6/17/2014,1.10E-06
6/18/2014,8.22E-07
6/19/2014,5.48E-07
6/20/2014,5.48E-07
6/23/2014,8.22E-07
6/24/2014,8.22E-07
6/25/2014,8.22E-07
6/26/2014,1.10E-06
6/27/2014,8.22E-07
6/30/2014,1.10E-06
7/1/2014,5.48E-07
7/2/2014,5.48E-07
7/3/2014,2.74E-07
7/7/2014,1.10E-06
7/8/2014,8.22E-07
7/9/2014,8.22E-07
7/10/2014,5.48E-07
7/11/2014,5.48E-07
7/14/2014,8.22E-07
7/15/2014,5.48E-07
7/16/2014,5.48E-07
7/17/2014,5.48E-07
7/18/2014,5.48E-07
7/21/2014,8.22E-07
7/22/2014,8.22E-07
7/23/2014,8.22E-07
7/24/2014,8.22E-07
7/25/2014,8.22E-07
7/28/2014,1.10E-06
7/29/2014,5.48E-07
7/30/2014,1.10E-06
7/31/2014,8.22E-07
8/1/2014,8.22E-07
8/4/2014,1.10E-06
8/5/2014,8.22E-07
8/6/2014,8.22E-07
8/7/2014,8.22E-07
8/8/2014,8.22E-07
8/11/2014,1.10E-06
8/12/2014,8.22E-07
8/13/2014,1.10E-06
8/14/2014,1.10E-06
8/15/2014,8.22E-07
8/18/2014,8.22E-07
8/19/2014,8.22E-07
8/20/2014,1.10E-06
8/21/2014,5.48E-07
8/22/2014,8.22E-07
8/25/2014,1.10E-06
8/26/2014,8.22E-07
8/27/2014,1.10E-06
8/28/2014,8.22E-07
8/29/2014,8.22E-07
9/2/2014,8.22E-07
9/3/2014,8.22E-07
9/4/2014,8.22E-07
9/5/2014,8.22E-07
9/8/2014,5.48E-07
9/9/2014,5.48E-07
9/10/2014,5.48E-07
9/11/2014,5.48E-07
9/12/2014,5.48E-07
9/15/2014,5.48E-07
9/16/2014,5.48E-07
9/17/2014,5.48E-07
9/18/2014,5.48E-07
9/19/2014,5.48E-07
9/22/2014,2.74E-07
9/23/2014,2.74E-07
9/24/2014,5.48E-07
9/25/2014,2.74E-07
9/26/2014,2.74E-07
9/29/2014,5.48E-07
9/30/2014,5.48E-07
10/1/2014,5.48E-07
10/2/2014,2.74E-07
10/3/2014,2.74E-07
10/6/2014,5.48E-07
10/7/2014,5.48E-07
10/8/2014,2.74E-07
10/9/2014,2.74E-07
10/10/2014,2.74E-07
10/14/2014,5.48E-07
10/15/2014,5.48E-07
10/16/2014,8.22E-07
10/17/2014,5.48E-07
10/20/2014,5.48E-07
10/21/2014,5.48E-07
10/22/2014,5.48E-07
10/23/2014,2.74E-07
10/24/2014,2.74E-07
10/27/2014,5.48E-07
10/28/2014,5.48E-07
10/29/2014,8.22E-07
10/30/2014,2.74E-07
10/31/2014,2.74E-07
11/3/2014,5.48E-07
11/4/2014,8.22E-07
11/5/2014,8.22E-07
11/6/2014,8.22E-07
11/7/2014,8.22E-07
11/10/2014,5.48E-07
11/12/2014,5.48E-07
11/13/2014,5.48E-07
11/14/2014,5.48E-07
11/17/2014,8.22E-07
11/18/2014,5.48E-07
11/19/2014,2.74E-07
11/20/2014,5.48E-07
11/21/2014,2.74E-07
11/24/2014,5.48E-07
11/25/2014,5.48E-07
11/26/2014,5.48E-07
11/28/2014,5.48E-07
12/1/2014,8.22E-07
12/2/2014,8.22E-07
12/3/2014,2.74E-07
12/4/2014,5.48E-07
12/5/2014,5.48E-07
12/8/2014,8.22E-07
12/9/2014,1.10E-06
12/10/2014,8.22E-07
12/11/2014,8.22E-07
12/12/2014,5.48E-07
12/15/2014,1.10E-06
12/16/2014,8.22E-07
12/17/2014,8.22E-07
12/18/2014,1.10E-06
12/19/2014,1.10E-06
12/22/2014,1.37E-06
12/23/2014,8.22E-07
12/24/2014,2.74E-07
12/26/2014,2.74E-07
12/29/2014,8.22E-07
12/30/2014,8.22E-07
12/31/2014,1.10E-06
1/2/2015,5.48E-07
1/5/2015,8.22E-07
1/6/2015,8.22E-07
1/7/2015,8.22E-07
1/8/2015,8.22E-07
1/9/2015,5.48E-07
1/12/2015,8.22E-07
1/13/2015,8.22E-07
1/14/2015,1.10E-06
1/15/2015,8.22E-07
1/16/2015,8.22E-07
1/20/2015,8.22E-07
1/21/2015,8.22E-07
1/22/2015,8.22E-07
1/23/2015,5.48E-07
1/26/2015,8.22E-07
1/27/2015,5.48E-07
1/28/2015,5.48E-07
1/29/2015,8.22E-07
1/30/2015,5.48E-07
2/2/2015,5.48E-07
2/3/2015,5.48E-07
2/4/2015,2.74E-07
2/5/2015,5.48E-07
2/6/2015,5.48E-07
2/9/2015,2.74E-07
2/10/2015,2.74E-07
2/11/2015,2.74E-07
2/12/2015,5.48E-07
2/13/2015,2.74E-07
2/17/2015,5.48E-07
2/18/2015,5.48E-07
2/19/2015,5.48E-07
2/20/2015,5.48E-07
2/23/2015,5.48E-07
2/24/2015,5.48E-07
2/25/2015,5.48E-07
2/26/2015,8.22E-07
2/27/2015,5.48E-07
3/2/2015,5.48E-07
3/3/2015,5.48E-07
3/4/2015,2.74E-07
3/5/2015,5.48E-07
3/6/2015,2.74E-07
3/9/2015,5.48E-07
3/10/2015,5.48E-07
3/11/2015,8.22E-07
3/12/2015,8.22E-07
3/13/2015,8.22E-07
3/16/2015,1.37E-06
3/17/2015,1.37E-06
3/18/2015,8.22E-07
3/19/2015,8.22E-07
3/20/2015,2.74E-07
3/23/2015,8.22E-07
3/24/2015,5.48E-07
3/25/2015,1.10E-06
3/26/2015,8.22E-07
3/27/2015,1.10E-06
3/30/2015,1.10E-06
3/31/2015,8.22E-07
4/1/2015,8.22E-07
4/2/2015,5.48E-07
4/3/2015,5.48E-07
4/6/2015,8.22E-07
4/7/2015,5.48E-07
4/8/2015,8.22E-07
4/9/2015,8.22E-07
4/10/2015,5.48E-07
4/13/2015,8.22E-07
4/14/2015,5.48E-07
4/15/2015,5.48E-07
4/16/2015,5.48E-07
4/17/2015,2.74E-07
4/20/2015,8.22E-07
4/21/2015,8.22E-07
4/22/2015,8.22E-07
4/23/2015,8.22E-07
4/24/2015,8.22E-07
4/27/2015,5.48E-07
4/28/2015,5.48E-07
4/29/2015,2.74E-07
4/30/2015,2.74E-07
5/1/2015,2.74E-07
5/4/2015,5.48E-07
5/5/2015,2.74E-07
5/6/2015,5.48E-07
5/7/2015,2.74E-07
5/8/2015,2.74E-07
5/11/2015,5.48E-07
5/12/2015,8.22E-07
5/13/2015,5.48E-07
5/14/2015,2.74E-07
5/15/2015,5.48E-07
5/18/2015,5.48E-07
5/19/2015,5.48E-07
5/20/2015,5.48E-07
5/21/2015,5.48E-07
5/22/2015,5.48E-07
5/26/2015,5.48E-07
5/27/2015,2.74E-07
5/28/2015,2.74E-07
5/29/2015,2.74E-07
6/1/2015,5.48E-07
6/2/2015,2.74E-07
6/3/2015,5.48E-07
6/4/2015,5.48E-07
6/5/2015,8.22E-07
6/8/2015,5.48E-07
6/9/2015,5.48E-07
6/10/2015,5.48E-07
6/11/2015,2.74E-07
6/12/2015,5.48E-07
6/15/2015,5.48E-07
6/16/2015,2.74E-07
6/17/2015,2.74E-07
6/18/2015,2.74E-07
6/19/2015,2.74E-07
6/22/2015,2.74E-07
6/23/2015,2.74E-07
6/24/2015,2.74E-07
6/25/2015,2.74E-07
6/26/2015,2.74E-07
6/29/2015,5.48E-07
6/30/2015,2.74E-07
7/1/2015,2.74E-07
7/2/2015,2.74E-07
7/6/2015,5.48E-07
7/7/2015,5.48E-07
7/8/2015,5.48E-07
7/9/2015,8.22E-07
7/10/2015,2.74E-07
7/13/2015,5.48E-07
7/14/2015,2.74E-07
7/15/2015,5.48E-07
7/16/2015,5.48E-07
7/17/2015,8.22E-07
7/20/2015,1.10E-06
7/21/2015,8.22E-07
7/22/2015,1.10E-06
7/23/2015,8.22E-07
7/24/2015,1.10E-06
7/27/2015,1.37E-06
7/28/2015,1.37E-06
7/29/2015,1.64E-06
7/30/2015,1.92E-06
7/31/2015,2.19E-06
8/3/2015,2.19E-06
8/4/2015,2.19E-06
8/5/2015,2.19E-06
8/6/2015,1.10E-06
8/7/2015,1.64E-06
8/10/2015,3.29E-06
8/11/2015,2.74E-06
8/12/2015,2.74E-06
8/13/2015,2.74E-06
8/14/2015,2.46E-06
8/17/2015,2.74E-06
8/18/2015,1.92E-06
8/19/2015,1.37E-06
8/20/2015,5.48E-07
8/21/2015,8.22E-07
8/24/2015,1.64E-06
8/25/2015,1.92E-06
8/26/2015,1.64E-06
8/27/2015,1.64E-06
8/28/2015,1.64E-06
8/31/2015,2.19E-06
9/1/2015,8.22E-07
9/2/2015,8.22E-07
9/3/2015,5.48E-07
9/4/2015,5.48E-07
9/8/2015,1.64E-06
9/9/2015,8.22E-07
9/10/2015,5.48E-07
9/11/2015,1.10E-06
9/14/2015,1.92E-06
9/15/2015,1.92E-06
9/16/2015,1.64E-06
9/17/2015,2.74E-07
9/18/2015,0
9/21/2015,2.74E-07
9/22/2015,0
9/23/2015,2.74E-07
9/24/2015,2.74E-07
9/25/2015,0
9/28/2015,2.74E-07
9/29/2015,2.74E-07
9/30/2015,0
10/1/2015,0
10/2/2015,0
10/5/2015,2.74E-07
10/6/2015,0
10/7/2015,0
10/8/2015,0
10/9/2015,2.74E-07
10/13/2015,2.74E-07
10/14/2015,0
10/15/2015,2.74E-07
10/16/2015,2.74E-07
10/19/2015,5.48E-07
10/20/2015,5.48E-07
10/21/2015,2.74E-07
10/22/2015,0
10/23/2015,2.74E-07
10/26/2015,5.48E-07
10/27/2015,8.22E-07
10/28/2015,1.10E-06
10/29/2015,1.92E-06
10/30/2015,2.19E-06
11/2/2015,2.19E-06
11/3/2015,1.64E-06
11/4/2015,1.37E-06
11/5/2015,1.37E-06
11/6/2015,2.19E-06
11/9/2015,3.83E-06
11/10/2015,3.56E-06
11/12/2015,3.83E-06
11/13/2015,3.83E-06
11/16/2015,4.11E-06
11/17/2015,3.83E-06
11/18/2015,3.29E-06
11/19/2015,3.01E-06
11/20/2015,3.29E-06
11/23/2015,3.83E-06
11/24/2015,4.38E-06
11/25/2015,5.20E-06
11/27/2015,4.93E-06
11/30/2015,6.02E-06
12/1/2015,5.75E-06
12/2/2015,5.75E-06
12/3/2015,5.75E-06
12/4/2015,6.29E-06
12/7/2015,7.93E-06
12/8/2015,7.39E-06
12/9/2015,7.11E-06
12/10/2015,6.57E-06
12/11/2015,6.29E-06
12/14/2015,7.11E-06
12/15/2015,6.84E-06
12/16/2015,7.39E-06
12/17/2015,6.29E-06
12/18/2015,5.20E-06
12/21/2015,6.57E-06
12/22/2015,5.75E-06
12/23/2015,5.47E-06
12/24/2015,5.47E-06
12/28/2015,6.29E-06
12/29/2015,6.29E-06
12/30/2015,5.75E-06
12/31/2015,4.38E-06
1/4/2016,6.02E-06
1/5/2016,5.47E-06
1/6/2016,5.75E-06
1/7/2016,5.47E-06
1/8/2016,5.47E-06
1/11/2016,5.75E-06
1/12/2016,5.75E-06
1/13/2016,6.02E-06
1/14/2016,6.84E-06
1/15/2016,6.57E-06
1/19/2016,7.11E-06
1/20/2016,7.11E-06
1/21/2016,7.66E-06
1/22/2016,8.48E-06
1/25/2016,8.48E-06
1/26/2016,8.48E-06
1/27/2016,8.75E-06
1/28/2016,9.57E-06
1/29/2016,9.03E-06
2/1/2016,9.57E-06
2/2/2016,9.30E-06
2/3/2016,9.03E-06
2/4/2016,7.93E-06
2/5/2016,8.21E-06
2/8/2016,8.75E-06
2/9/2016,8.21E-06
2/10/2016,8.48E-06
2/11/2016,7.66E-06
2/12/2016,8.21E-06
2/16/2016,8.21E-06
2/17/2016,8.21E-06
2/18/2016,8.21E-06
2/19/2016,8.48E-06
2/22/2016,9.03E-06
2/23/2016,8.75E-06
2/24/2016,9.03E-06
2/25/2016,8.75E-06
2/26/2016,9.03E-06
2/29/2016,9.03E-06
3/1/2016,9.03E-06
3/2/2016,9.85E-06
3/3/2016,7.66E-06
3/4/2016,7.93E-06
3/7/2016,8.75E-06
3/8/2016,7.93E-06
3/9/2016,8.21E-06
3/10/2016,8.75E-06
3/11/2016,9.03E-06
3/14/2016,9.30E-06
3/15/2016,9.30E-06
3/16/2016,8.48E-06
3/17/2016,7.93E-06
3/18/2016,8.21E-06
3/21/2016,8.48E-06
3/22/2016,8.21E-06
3/23/2016,8.21E-06
3/24/2016,8.21E-06
3/28/2016,7.93E-06
3/29/2016,6.29E-06
3/30/2016,5.47E-06
3/31/2016,5.75E-06
4/1/2016,6.29E-06
4/4/2016,6.29E-06
4/5/2016,6.29E-06
4/6/2016,6.29E-06
4/7/2016,6.29E-06
4/8/2016,6.29E-06
4/11/2016,6.29E-06
4/12/2016,6.02E-06
4/13/2016,6.29E-06
4/14/2016,6.02E-06
4/15/2016,6.02E-06
4/18/2016,6.02E-06
4/19/2016,5.75E-06
4/20/2016,6.29E-06
4/21/2016,6.29E-06
4/22/2016,6.29E-06
4/25/2016,6.84E-06
4/26/2016,6.57E-06
4/27/2016,6.57E-06
4/28/2016,6.02E-06
4/29/2016,6.02E-06
5/2/2016,6.02E-06
5/3/2016,5.75E-06
5/4/2016,5.20E-06
5/5/2016,5.47E-06
5/6/2016,5.20E-06
5/9/2016,6.57E-06
5/10/2016,6.57E-06
5/11/2016,7.11E-06
5/12/2016,7.39E-06
5/13/2016,7.93E-06
5/16/2016,7.66E-06
5/17/2016,7.66E-06
5/18/2016,8.21E-06
5/19/2016,8.48E-06
5/20/2016,9.03E-06
5/23/2016,9.57E-06
5/24/2016,9.57E-06
5/25/2016,9.03E-06
5/26/2016,8.48E-06
5/27/2016,8.75E-06
5/31/2016,9.30E-06
6/1/2016,8.21E-06
6/2/2016,7.93E-06
6/3/2016,8.21E-06
6/6/2016,7.66E-06
6/7/2016,7.66E-06
6/8/2016,6.57E-06
6/9/2016,7.11E-06
6/10/2016,7.11E-06
6/13/2016,7.39E-06
6/14/2016,7.39E-06
6/15/2016,7.11E-06
6/16/2016,7.39E-06
6/17/2016,7.39E-06
6/20/2016,7.66E-06
6/21/2016,7.39E-06
6/22/2016,7.39E-06
6/23/2016,8.48E-06
6/24/2016,7.39E-06
6/27/2016,7.39E-06
6/28/2016,7.11E-06
6/29/2016,7.11E-06
6/30/2016,7.11E-06
7/1/2016,7.66E-06
7/5/2016,7.66E-06
7/6/2016,7.39E-06
7/7/2016,7.93E-06
7/8/2016,7.66E-06
7/11/2016,8.48E-06
7/12/2016,7.93E-06
7/13/2016,8.48E-06
7/14/2016,8.75E-06
7/15/2016,8.75E-06
7/18/2016,8.75E-06
7/19/2016,8.48E-06
7/20/2016,8.75E-06
7/21/2016,8.75E-06
7/22/2016,9.03E-06
7/25/2016,8.75E-06
7/26/2016,8.48E-06
7/27/2016,8.48E-06
7/28/2016,6.84E-06
7/29/2016,7.66E-06
8/1/2016,7.93E-06
8/2/2016,7.93E-06
8/3/2016,7.66E-06
8/4/2016,7.11E-06
8/5/2016,7.66E-06
8/8/2016,8.48E-06
8/9/2016,7.93E-06
8/10/2016,7.66E-06
8/11/2016,7.66E-06
8/12/2016,7.93E-06
8/15/2016,8.48E-06
8/16/2016,7.39E-06
8/17/2016,8.21E-06
8/18/2016,8.21E-06
8/19/2016,8.21E-06
8/22/2016,7.93E-06
8/23/2016,8.21E-06
8/24/2016,8.48E-06
8/25/2016,9.03E-06
8/26/2016,9.30E-06
8/29/2016,9.03E-06
8/30/2016,9.03E-06
8/31/2016,9.03E-06
9/1/2016,9.03E-06
9/2/2016,9.03E-06
9/6/2016,8.75E-06
9/7/2016,9.30E-06
9/8/2016,9.57E-06
9/9/2016,9.57E-06
9/12/2016,1.01E-05
9/13/2016,9.85E-06
9/14/2016,9.03E-06
9/15/2016,7.93E-06
9/16/2016,8.21E-06
9/19/2016,8.21E-06
9/20/2016,8.21E-06
9/21/2016,6.02E-06
9/22/2016,4.93E-06
9/23/2016,4.93E-06
9/26/2016,6.84E-06
9/27/2016,7.11E-06
9/28/2016,7.39E-06
9/29/2016,7.11E-06
9/30/2016,7.93E-06
10/3/2016,8.75E-06
10/4/2016,9.03E-06
10/5/2016,8.75E-06
10/6/2016,9.03E-06
10/7/2016,9.03E-06
10/11/2016,9.57E-06
10/12/2016,1.01E-05
10/13/2016,8.21E-06
10/14/2016,8.75E-06
10/17/2016,9.30E-06
10/18/2016,9.30E-06
10/19/2016,9.57E-06
10/20/2016,9.57E-06
10/21/2016,9.30E-06
10/24/2016,9.03E-06
10/25/2016,9.30E-06
10/26/2016,9.03E-06
10/27/2016,8.21E-06
10/28/2016,8.21E-06
10/31/2016,9.30E-06
11/1/2016,9.57E-06
11/2/2016,1.01E-05
11/3/2016,1.04E-05
11/4/2016,1.04E-05
11/7/2016,1.12E-05
11/8/2016,1.18E-05
11/9/2016,1.23E-05
11/10/2016,1.31E-05
11/14/2016,1.50E-05
11/15/2016,1.39E-05
11/16/2016,1.28E-05
11/17/2016,1.20E-05
11/18/2016,1.20E-05
11/21/2016,1.26E-05
11/22/2016,1.34E-05
11/23/2016,1.39E-05
11/25/2016,1.34E-05
11/28/2016,1.31E-05
11/29/2016,1.31E-05
11/30/2016,1.31E-05
12/1/2016,1.31E-05
12/2/2016,1.34E-05
12/5/2016,1.34E-05
12/6/2016,1.34E-05
12/7/2016,1.42E-05
12/8/2016,1.39E-05
12/9/2016,1.48E-05
12/12/2016,1.39E-05
12/13/2016,1.48E-05
12/14/2016,1.50E-05
12/15/2016,1.39E-05
12/16/2016,1.39E-05
12/19/2016,1.42E-05
12/20/2016,1.42E-05
12/21/2016,1.42E-05
12/22/2016,1.39E-05
12/23/2016,1.42E-05
12/27/2016,1.39E-05
12/28/2016,1.45E-05
12/29/2016,1.28E-05
12/30/2016,1.39E-05
1/3/2017,1.45E-05
1/4/2017,1.45E-05
1/5/2017,1.42E-05
1/6/2017,1.45E-05
1/9/2017,1.37E-05
1/10/2017,1.42E-05
1/11/2017,1.42E-05
1/12/2017,1.42E-05
1/13/2017,1.45E-05
1/17/2017,1.50E-05
1/18/2017,1.45E-05
1/19/2017,1.42E-05
1/20/2017,1.37E-05
1/23/2017,1.39E-05
1/24/2017,1.39E-05
1/25/2017,1.37E-05
1/26/2017,1.39E-05
1/27/2017,1.42E-05
1/30/2017,1.39E-05
1/31/2017,1.42E-05
2/1/2017,1.39E-05
2/2/2017,1.42E-05
2/3/2017,1.39E-05
2/6/2017,1.45E-05
2/7/2017,1.45E-05
2/8/2017,1.48E-05
2/9/2017,1.48E-05
2/10/2017,1.50E-05
2/13/2017,1.42E-05
2/14/2017,1.48E-05
2/15/2017,1.48E-05
2/16/2017,1.45E-05
2/17/2017,1.45E-05
2/21/2017,1.45E-05
2/22/2017,1.42E-05
2/23/2017,1.39E-05
2/24/2017,1.42E-05
2/27/2017,1.37E-05
2/28/2017,1.45E-05
3/1/2017,1.72E-05
3/2/2017,1.83E-05
3/3/2017,1.94E-05
3/6/2017,2.02E-05
3/7/2017,2.07E-05
3/8/2017,1.99E-05
3/9/2017,1.99E-05
3/10/2017,2.05E-05
3/13/2017,2.16E-05
3/14/2017,2.13E-05
3/15/2017,1.99E-05
3/16/2017,1.99E-05
3/17/2017,1.99E-05
3/20/2017,2.07E-05
3/21/2017,2.10E-05
3/22/2017,2.10E-05
3/23/2017,2.07E-05
3/24/2017,2.13E-05
3/27/2017,2.13E-05
3/28/2017,2.13E-05
3/29/2017,2.13E-05
3/30/2017,2.13E-05
3/31/2017,2.07E-05
4/3/2017,2.16E-05
4/4/2017,2.16E-05
4/5/2017,2.18E-05
4/6/2017,2.16E-05
4/7/2017,2.24E-05
4/10/2017,2.24E-05
4/11/2017,2.24E-05
4/12/2017,2.21E-05
4/13/2017,2.21E-05
4/17/2017,2.26E-05
4/18/2017,2.24E-05
4/19/2017,2.21E-05
4/20/2017,2.16E-05
4/21/2017,2.16E-05
4/24/2017,2.21E-05
4/25/2017,2.24E-05
4/26/2017,2.26E-05
4/27/2017,2.21E-05
4/28/2017,2.18E-05
5/1/2017,2.26E-05
5/2/2017,2.24E-05
5/3/2017,2.32E-05
5/4/2017,2.35E-05
5/5/2017,2.45E-05
5/8/2017,2.48E-05
5/9/2017,2.48E-05
5/10/2017,2.45E-05
5/11/2017,2.43E-05
5/12/2017,2.40E-05
5/15/2017,2.45E-05
5/16/2017,2.45E-05
5/17/2017,2.45E-05
5/18/2017,2.54E-05
5/19/2017,2.51E-05
5/22/2017,2.54E-05
5/23/2017,2.51E-05
5/24/2017,2.54E-05
5/25/2017,2.56E-05
5/26/2017,2.56E-05
5/30/2017,2.54E-05
5/31/2017,2.67E-05
6/1/2017,2.67E-05
6/2/2017,2.67E-05
6/5/2017,2.62E-05
6/6/2017,2.64E-05
6/7/2017,2.73E-05
6/8/2017,2.75E-05
6/9/2017,2.75E-05
6/12/2017,2.67E-05
6/13/2017,2.73E-05
6/14/2017,2.75E-05
6/15/2017,2.78E-05
6/16/2017,2.81E-05
6/19/2017,2.78E-05
6/20/2017,2.75E-05
6/21/2017,2.70E-05
6/22/2017,2.62E-05
6/23/2017,2.64E-05
6/26/2017,2.70E-05
6/27/2017,2.73E-05
6/28/2017,2.78E-05
6/29/2017,2.83E-05
6/30/2017,2.81E-05
7/3/2017,2.89E-05
7/5/2017,2.86E-05
7/6/2017,2.83E-05
7/7/2017,2.86E-05
7/10/2017,2.83E-05
7/11/2017,2.86E-05
7/12/2017,2.86E-05
7/13/2017,2.86E-05
7/14/2017,2.83E-05
7/17/2017,2.92E-05
7/18/2017,2.92E-05
7/19/2017,3.02E-05
7/20/2017,3.13E-05
7/21/2017,3.16E-05
7/24/2017,3.19E-05
7/25/2017,3.21E-05
7/26/2017,3.08E-05
7/27/2017,3.02E-05
7/28/2017,2.94E-05
7/31/2017,2.92E-05
8/1/2017,2.94E-05
8/2/2017,2.94E-05
8/3/2017,2.94E-05
8/4/2017,2.94E-05
8/7/2017,2.78E-05
8/8/2017,2.89E-05
8/9/2017,2.89E-05
8/10/2017,2.86E-05
8/11/2017,2.81E-05
8/14/2017,2.78E-05
8/15/2017,2.83E-05
8/16/2017,2.78E-05
8/17/2017,2.73E-05
8/18/2017,2.78E-05
8/21/2017,2.73E-05
8/22/2017,2.73E-05
8/23/2017,2.73E-05
8/24/2017,2.78E-05
8/25/2017,2.81E-05
8/28/2017,2.67E-05
8/29/2017,2.81E-05
8/30/2017,2.81E-05
8/31/2017,2.75E-05
9/1/2017,2.78E-05
9/5/2017,2.81E-05
9/6/2017,2.92E-05
9/7/2017,2.86E-05
9/8/2017,2.83E-05
9/11/2017,2.86E-05
9/12/2017,2.81E-05
9/13/2017,2.83E-05
9/14/2017,2.86E-05
9/15/2017,2.86E-05
9/18/2017,2.86E-05
9/19/2017,2.83E-05
9/20/2017,2.83E-05
9/21/2017,2.83E-05
9/22/2017,2.81E-05
9/25/2017,2.86E-05
9/26/2017,2.89E-05
9/27/2017,2.92E-05
9/28/2017,2.89E-05
9/29/2017,2.89E-05
10/2/2017,2.75E-05
10/3/2017,2.92E-05
10/4/2017,2.94E-05
10/5/2017,2.92E-05
10/6/2017,2.92E-05
10/10/2017,2.94E-05
10/11/2017,3.00E-05
10/12/2017,2.97E-05
10/13/2017,2.97E-05
10/16/2017,3.00E-05
10/17/2017,2.97E-05
10/18/2017,2.97E-05
10/19/2017,3.00E-05
10/20/2017,3.02E-05
10/23/2017,2.97E-05
10/24/2017,3.05E-05
10/25/2017,3.05E-05
10/26/2017,3.02E-05
10/27/2017,3.00E-05
10/30/2017,3.05E-05
10/31/2017,3.13E-05
11/1/2017,3.21E-05
11/2/2017,3.19E-05
11/3/2017,3.21E-05
11/6/2017,3.24E-05
11/7/2017,3.32E-05
11/8/2017,3.35E-05
11/9/2017,3.38E-05
11/10/2017,3.35E-05
11/13/2017,3.38E-05
11/14/2017,3.43E-05
11/15/2017,3.40E-05
11/16/2017,3.46E-05
11/17/2017,3.51E-05
11/20/2017,3.54E-05
11/21/2017,3.54E-05
11/22/2017,3.51E-05
11/24/2017,3.51E-05
11/27/2017,3.46E-05
11/28/2017,3.54E-05
11/29/2017,3.51E-05
11/30/2017,3.46E-05
12/1/2017,3.46E-05
12/4/2017,3.51E-05
12/5/2017,3.54E-05
12/6/2017,3.54E-05
12/7/2017,3.51E-05
12/8/2017,3.48E-05
12/11/2017,3.62E-05
12/12/2017,3.65E-05
12/13/2017,3.54E-05
12/14/2017,3.59E-05
12/15/2017,3.57E-05
12/18/2017,3.76E-05
12/19/2017,3.73E-05
12/20/2017,3.76E-05
12/21/2017,3.67E-05
12/22/2017,3.62E-05
12/26/2017,4.00E-05
12/27/2017,3.92E-05
12/28/2017,3.78E-05
12/29/2017,3.78E-05
1/2/2018,3.92E-05
1/3/2018,3.84E-05
1/4/2018,3.84E-05
1/5/2018,3.78E-05
1/8/2018,3.94E-05
1/9/2018,3.92E-05
1/10/2018,3.86E-05
1/11/2018,3.89E-05
1/12/2018,3.89E-05
1/16/2018,3.94E-05
1/17/2018,3.92E-05
1/18/2018,3.94E-05
1/19/2018,3.92E-05
1/22/2018,3.92E-05
1/23/2018,3.92E-05
1/24/2018,3.89E-05
1/25/2018,3.86E-05
1/26/2018,3.84E-05
1/29/2018,3.92E-05
1/30/2018,3.92E-05
1/31/2018,3.97E-05
2/1/2018,4.03E-05
2/2/2018,4.03E-05
2/5/2018,4.11E-05
2/6/2018,4.13E-05
2/7/2018,4.21E-05
2/8/2018,4.21E-05
2/9/2018,4.21E-05
2/12/2018,4.40E-05
2/13/2018,4.32E-05
2/14/2018,4.30E-05
2/15/2018,4.30E-05
2/16/2018,4.40E-05
2/20/2018,4.51E-05
2/21/2018,4.46E-05
2/22/2018,4.43E-05
2/23/2018,4.46E-05
2/26/2018,4.51E-05
2/27/2018,4.51E-05
2/28/2018,4.48E-05
3/1/2018,4.43E-05
3/2/2018,4.48E-05
3/5/2018,4.62E-05
3/6/2018,4.56E-05
3/7/2018,4.56E-05
3/8/2018,4.54E-05
3/9/2018,4.54E-05
3/12/2018,4.65E-05
3/13/2018,4.70E-05
3/14/2018,4.78E-05
3/15/2018,4.81E-05
3/16/2018,4.83E-05
3/19/2018,4.89E-05
3/20/2018,4.91E-05
3/21/2018,4.73E-05
3/22/2018,4.67E-05
3/23/2018,4.73E-05
3/26/2018,4.86E-05
3/27/2018,4.81E-05
3/28/2018,4.70E-05
3/29/2018,4.70E-05
4/2/2018,4.81E-05
4/3/2018,4.75E-05
4/4/2018,4.65E-05
4/5/2018,4.67E-05
4/6/2018,4.70E-05
4/9/2018,4.78E-05
4/10/2018,4.73E-05
4/11/2018,4.70E-05
4/12/2018,4.75E-05
4/13/2018,4.78E-05
4/16/2018,4.86E-05
4/17/2018,4.89E-05
4/18/2018,4.91E-05
4/19/2018,4.94E-05
4/20/2018,4.91E-05
4/23/2018,5.08E-05
4/24/2018,5.08E-05
4/25/2018,5.02E-05
4/26/2018,4.94E-05
4/27/2018,4.94E-05
4/30/2018,5.08E-05
5/1/2018,5.02E-05
5/2/2018,5.00E-05
5/3/2018,5.00E-05
5/4/2018,5.00E-05
5/7/2018,5.05E-05
5/8/2018,5.08E-05
5/9/2018,5.10E-05
5/10/2018,5.16E-05
5/11/2018,5.21E-05
5/14/2018,5.24E-05
5/15/2018,5.21E-05
5/16/2018,5.21E-05
5/17/2018,5.21E-05
5/18/2018,5.18E-05
5/21/2018,5.24E-05
5/22/2018,5.24E-05
5/23/2018,5.21E-05
5/24/2018,5.18E-05
5/25/2018,5.16E-05
5/29/2018,5.24E-05
5/30/2018,5.26E-05
5/31/2018,5.24E-05
6/1/2018,5.21E-05
6/4/2018,5.26E-05
6/5/2018,5.26E-05
6/6/2018,5.29E-05
6/7/2018,5.26E-05
6/8/2018,5.24E-05
6/11/2018,5.26E-05
6/12/2018,5.21E-05
6/13/2018,5.26E-05
6/14/2018,5.26E-05
6/15/2018,5.26E-05
6/18/2018,5.26E-05
6/19/2018,5.26E-05
6/20/2018,5.26E-05
6/21/2018,5.26E-05
6/22/2018,5.24E-05
6/25/2018,5.24E-05
6/26/2018,5.24E-05
6/27/2018,5.24E-05
6/28/2018,5.24E-05
6/29/2018,5.24E-05
7/2/2018,5.37E-05
7/3/2018,5.37E-05
7/5/2018,5.32E-05
7/6/2018,5.34E-05
7/9/2018,5.37E-05
7/10/2018,5.40E-05
7/11/2018,5.34E-05
7/12/2018,5.37E-05
7/13/2018,5.37E-05
7/16/2018,5.45E-05
7/17/2018,5.48E-05
7/18/2018,5.43E-05
7/19/2018,5.43E-05
7/20/2018,5.40E-05
7/23/2018,5.40E-05
7/24/2018,5.48E-05
7/25/2018,5.45E-05
7/26/2018,5.40E-05
7/27/2018,5.43E-05
7/30/2018,5.53E-05
7/31/2018,5.51E-05
8/1/2018,5.51E-05
8/2/2018,5.48E-05
8/3/2018,5.45E-05
8/6/2018,5.56E-05
8/7/2018,5.59E-05
8/8/2018,5.59E-05
8/9/2018,5.59E-05
8/10/2018,5.56E-05
8/13/2018,5.59E-05
8/14/2018,5.64E-05
8/15/2018,5.61E-05
8/16/2018,5.61E-05
8/17/2018,5.56E-05
8/20/2018,5.59E-05
8/21/2018,5.64E-05
8/22/2018,5.67E-05
8/23/2018,5.64E-05
8/24/2018,5.67E-05
8/27/2018,5.75E-05
8/28/2018,5.77E-05
8/29/2018,5.77E-05
8/30/2018,5.72E-05
8/31/2018,5.72E-05
9/4/2018,5.77E-05
9/5/2018,5.80E-05
9/6/2018,5.77E-05
9/7/2018,5.80E-05
9/10/2018,5.80E-05
9/11/2018,5.83E-05
9/12/2018,5.85E-05
9/13/2018,5.83E-05
9/14/2018,5.85E-05
9/17/2018,5.85E-05
9/18/2018,5.88E-05
9/19/2018,5.85E-05
9/20/2018,5.88E-05
9/21/2018,5.91E-05
9/24/2018,6.02E-05
9/25/2018,5.99E-05
9/26/2018,5.96E-05
9/27/2018,5.91E-05
9/28/2018,5.94E-05
10/1/2018,6.04E-05
10/2/2018,6.04E-05
10/3/2018,6.04E-05
10/4/2018,6.02E-05
10/5/2018,6.04E-05
10/9/2018,6.10E-05
10/10/2018,6.15E-05
10/11/2018,6.15E-05
10/12/2018,6.18E-05
10/15/2018,6.26E-05
10/16/2018,6.23E-05
10/17/2018,6.26E-05
10/18/2018,6.28E-05
10/19/2018,6.26E-05
10/22/2018,6.34E-05
10/23/2018,6.31E-05
10/24/2018,6.34E-05
10/25/2018,6.34E-05
10/26/2018,6.31E-05
10/29/2018,6.34E-05
10/30/2018,6.31E-05
10/31/2018,6.34E-05
11/1/2018,6.28E-05
11/2/2018,6.31E-05
11/5/2018,6.39E-05
11/6/2018,6.36E-05
11/7/2018,6.42E-05
11/8/2018,6.36E-05
11/9/2018,6.39E-05
11/12/2018,6.39E-05
11/13/2018,6.44E-05
11/14/2018,6.44E-05
