,MTUM,VLUE,QUAL,SIZE,USMV,IVLU,IMTM,IQLT,EMGF,ACWV,SPTL,AGG,EMB,TIP,HYG,SCHH,DBC,GLD,SHV
1999-10-25,0.011744326443608885,0.0,0.0,0.0,0.0,0.027438849679997542,0.018070516406652415,0.023430283992208548,0.052962575173572245,0.04371448146599458,0.0,0.0,0.02991706279122451,0.1383382707188729,0.0,0.0,0.05147042499405101,0.07508379283603779,
1999-11-26,0.01206327660954868,0.0,0.013233651209007933,0.0,0.01785754407991391,0.030335734962967736,0.02015462258167643,0.025830387644674636,0.0582890232446908,0.05269623580137736,0.0,0.15195331415395852,0.04436547654607799,0.12552119446627136,0.1651364629240981,0.0,0.0618268963520505,0.06785427104688166,
1999-12-29,0.01305952027557916,0.01596391130766137,0.014233230405175554,0.0,0.01933202843531667,0.031146823070067706,0.019171157671467865,0.028553665862375403,0.05603609724352127,0.05464575159615443,0.0,0.15420743129273026,0.0416543457016642,0.12257374227695648,0.16426610569378933,0.0,0.06323320664511958,0.06505230448247921,
2000-01-31,0.011589407001877794,0.0,0.01229896354322615,0.0,0.0,0.028241600313482138,0.01795764412845646,0.02316871160493707,0.05811346466274959,0.0522627132498955,0.0,0.0,0.04657533395218574,0.13079782994661035,0.17328985161008778,0.0,0.07130847428112347,0.056002018791909726,
2000-02-29,0.010917028368724328,0.0,0.014589139237389397,0.0,0.0,0.02784545147558695,0.01712124927753981,0.02153174025762156,0.05948832227410212,0.0,0.053889068359150444,0.15660011501686297,0.04936181786639176,0.13291812563495234,0.17514121695489784,0.0,0.0708327124149488,0.0505087724338555,
2000-03-29,0.01017937946213981,0.011313236060857537,0.013853080722422438,0.0,0.018789572540824483,0.025992959977108668,0.01651738765818618,0.020805788840685673,0.056435876878135505,0.05094968905798636,0.06702841325824976,0.1606299143812556,0.052122778573896654,0.1368547565211727,0.0,0.04666543134260703,0.06805215358113184,0.0,
2000-05-02,0.010272683232092726,0.01650309423170307,0.010334075628710115,0.022461924224451583,0.020415485434797924,0.025627933321334357,0.014208490600507766,0.017629594509164483,0.0,0.04735100564445253,0.09353555730748839,0.159420505797807,0.051338112463099814,0.12334428383764494,0.0,0.04421292381456006,0.07405413421604587,0.0,
2000-06-02,0.010245758992222506,0.016306411311971653,0.010964951442223186,0.02263287554399663,0.019908450164803887,0.024362986710021222,0.012815747697208672,0.0158878290633118,0.0,0.047111532316252654,0.10513630699398391,0.1560096421684162,0.04451951796543366,0.12952225219490424,0.1553269074570751,0.052097123045506025,0.07281957878293899,0.0,
2000-07-03,0.011030455128650812,0.017062068011632008,0.01105193430569421,0.023566394445266956,0.020954658930365924,0.021260761221955377,0.012753054315752842,0.017064063666588764,0.0,0.04830394457892255,0.113190225788869,0.15686085439450398,0.046805081157014074,0.13216742009007926,0.1547432918877346,0.043871084277876275,0.07151426395043514,0.05237405804285457,
2000-08-03,0.010591456614796938,0.015869571545601056,0.011693559912279165,0.021043294122182286,0.01904311411644261,0.01944718414095688,0.0,0.0,0.0,0.0,0.10195405865667964,0.1643765283857222,0.045863473130312436,0.14028634709448345,0.16392725181530518,0.042793092499296616,0.05891255816104887,0.0,
2000-09-05,0.01075322048310432,0.017054986415175125,0.012633476142497699,0.021028972047680384,0.01798085798499054,0.02032366207319909,0.0,0.0,0.0,0.04669328722921504,0.10250122125281885,0.16364410075669805,0.04251621801888911,0.14011341861264273,0.16270014903585434,0.046105708390539124,0.05417087610958405,0.0,
2000-10-05,0.0,0.0,0.013434439722796912,0.01915599067741217,0.01755478594464686,0.0,0.0,0.0,0.0,0.04551830279899759,0.10286547094524487,0.16510890394141362,0.036479946504291705,0.14365174803967284,0.16445613028385442,0.044098843914157616,0.05967323585981838,0.0,
2000-11-06,0.0,0.01411544909726554,0.015585395223553318,0.02097446306934818,0.019308023783849652,0.0,0.0,0.0,0.0,0.046937472390968106,0.12239241306710252,0.14853383120163408,0.042390647894520815,0.12961751493684856,0.1505617651057715,0.05178922153688559,0.059355025508252966,0.0,
2000-12-06,0.0,0.0,0.0,0.019333561821449734,0.015266527105451205,0.0,0.0,0.0,0.0,0.05018244619198339,0.12935066112497012,0.14159887439582328,0.04930743015185834,0.1218691822289412,0.0,0.052668491361510514,0.06228327981065444,0.0,
2001-01-08,0.0,0.0,0.0,0.016982649930318842,0.0,0.021641228931930555,0.0,0.0,0.0,0.0,0.13491145798081003,0.13877765675728462,0.04775560142234386,0.12253363259423086,0.14339496806857485,0.051372377834144084,0.0,0.0,
2001-02-08,0.0,0.014183487568108862,0.0,0.017565795599213674,0.016558258024057332,0.020719834343995963,0.0,0.0,0.0,0.0,0.11758229338176583,0.14515832078790983,0.04375238105761793,0.12971592990435973,0.1547258705495321,0.0543589544495138,0.06279501137254774,0.0,
2001-03-08,0.0,0.014165168125235666,0.0,0.01917109753877056,0.0,0.02224052575994277,0.0,0.0,0.0,0.0,0.11041153892304978,0.14385009298320803,0.0478570345757316,0.13390940631310433,0.15145031874041817,0.056119348610051946,0.06432593052741113,0.0,
2001-04-09,0.0,0.0,0.0,0.01815096823597847,0.0,0.0,0.0,0.0,0.0,0.0,0.13701926249740848,0.1403120294783031,0.05988668406944015,0.12433025844401983,0.12579874786926307,0.05059027762467142,0.0,0.0,
2001-05-09,0.0,0.013384082061068822,0.0,0.01776358206250334,0.0,0.0,0.0,0.0,0.0,0.0,0.13874501809685064,0.1407191687605001,0.05663507140930357,0.12887248248367922,0.1209658070858398,0.05258515155595277,0.059175921336490224,0.0,
2001-06-11,0.0,0.014273117276605355,0.0,0.018461663192127182,0.018521488033960202,0.0,0.0,0.0,0.0,0.0,0.14011838919719785,0.14745824553101913,0.04917694735202791,0.13635216160288655,0.12001277645768244,0.054667647069587585,0.0673563244036821,0.06543644689472154,
2001-07-11,0.0,0.0143007505968708,0.0,0.018760743477572353,0.0,0.0,0.0,0.0,0.0,0.0,0.14084287919800487,0.14880090048188174,0.048951476104805144,0.13870720167206704,0.0,0.05543776423189272,0.0,0.0,
2001-08-13,0.0,0.015471571522925288,0.0,0.018355723506026028,0.0,0.0,0.0,0.0,0.0,0.0,0.13834039188162825,0.14869815940349218,0.05493795939227306,0.1406959730660834,0.11120665389263175,0.05952511742149633,0.0,0.06288362331944357,
2001-09-14,0.0,0.0,0.0,0.0,0.0,0.0,0.0,0.0,0.0,0.0,0.12145051327150003,0.16918019262211018,0.0546539443013802,0.16563248314171838,0.0,0.053695800077925265,0.05503294102537416,0.0639458047740585,
2001-10-15,0.0,0.0,0.0,0.0,0.0,0.0,0.0,0.0,0.0,0.0,0.10822830350805866,0.18812391696821001,0.05225459791643734,0.17127248353930163,0.0,0.051464897077580465,0.0,0.07495938346523996,
2001-11-15,0.0,0.0,0.0,0.0,0.0,0.0,0.0,0.0,0.0,0.0,0.06748843794013325,0.193862368515147,0.049506682821145516,0.19018245023219002,0.0,0.05197564885521112,0.0,0.07100362639577416,
2001-12-17,0.0,0.0,0.0,0.0,0.0,0.0,0.0,0.0,0.05566580718248241,0.0,0.0,0.1746551375249043,0.05856343718859201,0.0,0.0,0.054694377092232134,0.0,0.07739472921444586,
2002-01-17,0.0,0.014499060235140426,0.014309981376833807,0.01467709461732634,0.0,0.0,0.0,0.0,0.05622980725248749,0.0,0.07180984337821861,0.1593679747942881,0.06002239823601961,0.16246606965953908,0.0,0.05358126191042485,0.0,0.08200835975146237,
2002-02-19,0.0,0.0,0.0,0.0,0.0,0.0,0.0,0.0,0.05990320651543406,0.0,0.05518705547005997,0.15438193063106267,0.06174111430964977,0.16117788215394385,0.0,0.055027405412766676,0.0,0.0766233303945632,
2002-03-19,0.01906298085987276,0.014454756570000069,0.017400464418454675,0.01595099155250103,0.01961776700168716,0.021947773402040675,0.020577649884865733,0.018171415690199436,0.057972754258575177,0.04874919575311682,0.0,0.15193097977865647,0.06696931311279576,0.15829162463193955,0.11665998348169325,0.05409084189126404,0.050646156050141486,0.08934096229882758,
2002-04-19,0.01989091006784519,0.013705486847759466,0.0,0.016870846256456414,0.02065573474875098,0.022048366101570255,0.020760134395221598,0.017700565964159105,0.058936528363474794,0.0475871222379226,0.0,0.13910201213800338,0.0712934115258681,0.1439806210098643,0.0,0.05171905432739762,0.04583221376896961,0.10596751087851249,
2002-05-20,0.019775134236807844,0.013421513324287511,0.0,0.017135439435940432,0.020766565058969816,0.021423355879426818,0.02021702255441059,0.017655812363936107,0.061214203997997145,0.04664268014936783,0.0,0.1385437607827079,0.07706411424231824,0.143123667786855,0.0,0.04776182101035853,0.04454106679725501,0.10949964905198178,
2002-06-20,0.02184558835798541,0.0,0.0,0.017351019467436828,0.0,0.02169213875875849,0.02225702548441189,0.0,0.06346298182681417,0.049232529212940655,0.0650992140662799,0.1327531523684838,0.0,0.13594368256055983,0.0,0.05008191687027358,0.04370714045751116,0.11216585447211465,
2002-07-22,0.0,0.0,0.0,0.0,0.0,0.0,0.0,0.0,0.061363432818359244,0.0,0.07486490658030903,0.14555560127585276,0.0,0.1496657041649204,0.0,0.0,0.04911891633135435,0.08755824343957216,
2002-08-22,0.0,0.0,0.0,0.0,0.0,0.0,0.0,0.0,0.06097527534042869,0.0,0.07266846230061763,0.1551208816485223,0.0,0.15682852396242072,0.0,0.04752176676303719,0.05390225795856227,0.07654358509282935,
2002-09-23,0.0,0.0,0.0,0.0,0.0,0.0,0.0,0.0,0.0,0.0,0.10795215321484351,0.16635185543716366,0.0,0.17167094611101288,0.0,0.0,0.04757322554813881,0.07084396074384328,
2002-10-23,0.0,0.0,0.0,0.0,0.0,0.0,0.0,0.0,0.0,0.0,0.1508131141875428,0.1502543650724502,0.06681218294318213,0.1521655734400769,0.0,0.0,0.0542130441203454,0.06950325869301736,
2002-11-25,0.0,0.0,0.0,0.0,0.0,0.0,0.0,0.0,0.0,0.0,0.14036317373214666,0.1607208124687063,0.05913946875729302,0.16530384395114414,0.0,0.0,0.05733246172777893,0.07388400932496528,
2002-12-27,0.0,0.0,0.0,0.0,0.0,0.0,0.0,0.0,0.0,0.0,0.1479608081220838,0.14777692043341695,0.05822604852458857,0.15137571775638467,0.0,0.0,0.06300641104529496,0.0722085296638397,
2003-01-27,0.0,0.0,0.0,0.0,0.0,0.0,0.0,0.0,0.0,0.0,0.1571368581258524,0.15277017504766335,0.05697832098776229,0.1565269649977478,0.08484966995148939,0.0,0.06473175683161057,0.06725661545387901,
2003-02-27,0.0,0.0,0.0,0.0,0.0,0.0,0.0,0.0,0.0,0.0,0.15714399371340118,0.1543085763680253,0.05524010817198326,0.15931380368792683,0.08342906085226913,0.0,0.06934177752336881,0.06334943375764399,
2003-03-27,0.0,0.0,0.0,0.0,0.0,0.0,0.0,0.0,0.0,0.0,0.15476875709939758,0.15324649870221155,0.0561413106877598,0.1606844271161829,0.0843425191916128,0.039721279590869234,0.05780284168849865,0.06330754388834109,
2003-04-28,0.01840443467835556,0.014110024436781356,0.015029961941636784,0.014813018515924235,0.015635272397283496,0.0,0.0,0.016959225658244842,0.05558212646263497,0.03795760021298411,0.157855097299708,0.14259400836902592,0.08093414801191554,0.1494364499553999,0.09340018503661265,0.036961290166629635,0.0,0.06047415222806412,
2003-05-28,0.020111131477074475,0.014508716090142398,0.0164950315593559,0.014747008197210037,0.017199052817660022,0.01779074176183992,0.020399273993109524,0.019385412182654264,0.0629577573356737,0.04065854019373672,0.14044670740891732,0.1431476247257145,0.06874178572246538,0.15115848046738567,0.10630993907257372,0.03661945596090634,0.04987935636438949,0.05944398466919063,
2003-06-30,0.02071185897315526,0.014659020294330317,0.015111083616272232,0.015541624305079087,0.01976902001525735,0.016403877868149234,0.020161765647271176,0.017001369194323154,0.06394061059012442,0.043692962589544505,0.13030165208614414,0.14020333055553522,0.06395612094643077,0.14449721324315448,0.13135451759259253,0.03875720504620337,0.045086304050025686,0.05885046338640694,
2003-07-30,0.019779974264837293,0.01449250679600487,0.016009808588849154,0.01607088866926813,0.01903806855292392,0.017007591705613324,0.020211080157251836,0.017706837105907196,0.06725753582075529,0.04587658143201917,0.0,0.1406468662900453,0.06773581517982379,0.1302095659350958,0.1503191673152612,0.04076869982402421,0.051933952110654956,0.05639226328145376,
2003-09-02,0.019478766415705773,0.014416787661226884,0.018007871172391464,0.017934274731466752,0.020175717847459307,0.020187886343203107,0.023252110492772253,0.01974509598790976,0.07842641139440851,0.0503844287750237,0.0,0.0,0.06068414175778569,0.0,0.15571699336671843,0.0492362383104136,0.054768898984771046,0.05258702479776468,
2003-10-02,0.019019812170688877,0.0165790965559655,0.017612675795956215,0.018506168326980398,0.01947438500992849,0.02069399803054103,0.024981354366758145,0.01903332629141629,0.07813102451915019,0.05190690189579166,0.07238194641572761,0.14348987590132745,0.0631852847219894,0.1200437063518798,0.15852154779681552,0.04919183602905812,0.05577019426167224,0.0514768655583531,
2003-11-03,0.01919577377446971,0.01763351138227945,0.019219213670288546,0.018720707076968927,0.021885289647445773,0.01980098538229044,0.025547910700499096,0.020513002783619633,0.07216937637829149,0.05338739300074985,0.0,0.14933949031331498,0.06370200376096621,0.10677489788708645,0.16974983362685164,0.04978225972493801,0.061194684546636034,0.05247598493885793,
2003-12-03,0.02158554338955027,0.01668810135957639,0.02069706878013601,0.0207551766186901,0.02645803505714406,0.01790457967126198,0.02738261721208281,0.022304133068348362,0.07224771545678195,0.05673218968914101,0.0,0.14981176245229333,0.06404750133075998,0.09661821693078208,0.17160477349286374,0.049212207118827116,0.0540225394782236,0.05352967075551978,
2004-01-05,0.020557066234855037,0.01947985898358617,0.022021811727670912,0.022910382211828954,0.025902555929813616,0.019616541860467518,0.02505346067503692,0.02382812006773043,0.07272715913933053,0.05735075688100418,0.0,0.14752361590892585,0.06566045736749611,0.0867039142147916,0.17914231880094333,0.05040144923064311,0.05290569952044754,0.049542443499936535,
2004-02-05,0.021328737113124354,0.020955796065287708,0.024527553473471724,0.024296352461985225,0.02802600464570595,0.01910971342831553,0.023961699772660452,0.02422215712028071,0.0707382142324142,0.05880257928978513,0.05633758819359164,0.14807652544804598,0.06196394325649743,0.08095526135541642,0.18466001911384275,0.05439759206098913,0.04614324783198241,0.05149701513660314,
2004-03-05,0.018816278776108464,0.024824506167702372,0.02664511242120229,0.025638052960240566,0.02936589349303848,0.020013223519731137,0.023897422168482597,0.024794641625401237,0.06838183823765012,0.06123917387356452,0.05381734378734986,0.1417544126671549,0.06619849632421308,0.07996886382716528,0.18420276846915773,0.058461142278841714,0.04340831225328799,0.0485725171497077,
2004-04-05,0.020667474542507527,0.026489939167348927,0.028397165817163852,0.027887497536794568,0.03215099522276659,0.0210270695546515,0.02258030935838377,0.024817733527257392,0.06665562648320315,0.06096219058909259,0.05603573399846044,0.14188260071602884,0.06701734174007605,0.08216746370701693,0.16985699391212175,0.05038847554932925,0.050120987013782294,0.05089440156401458,
2004-05-05,0.021723897736096256,0.025855461357721495,0.030789337782599967,0.029100569894782553,0.03697764616857177,0.0226163139373465,0.025307787899633314,0.02549216933948183,0.06549657857400894,0.060364073778310205,0.0,0.0,0.06440347389787394,0.07737544316397782,0.17528600859861831,0.0,0.048740387925857956,0.04727769026650201,
2004-06-07,0.02294847978874897,0.028481742783653705,0.035055855751158445,0.030612461063531344,0.03771948264323925,0.019806572083684793,0.01873077505896425,0.023627105259147255,0.054670990289418964,0.059393984249538435,0.0,0.0,0.0,0.10955219229657463,0.15814253169656964,0.03815039779802988,0.046610163852330376,0.0,
2004-07-07,0.023507747185257902,0.02712614758960437,0.03478797428896061,0.029471136035651116,0.038786716440697554,0.02007840680523491,0.017692109448770747,0.02437624735927272,0.0515665394388795,0.05735847657964432,0.05972558030539813,0.14991593679914655,0.06381611197997351,0.10308005495765465,0.1736855177774068,0.03581282048050778,0.04731687806288087,0.041895598465058026,
2004-08-09,0.0,0.0,0.0,0.029639790538712144,0.0,0.02145999416795402,0.0,0.023712705149988033,0.053811138963964014,0.05605860786546601,0.06265409476703321,0.14499537738451457,0.060896217059453556,0.09979595264929111,0.1762143159389485,0.03730200696901146,0.046302037224482784,0.0,
2004-09-09,0.025086060290603434,0.029365327803651687,0.03729156649216378,0.031048336529718022,0.03861597165384552,0.01905412911075153,0.018894916152664726,0.024182729300665222,0.053092112795514686,0.05764806704486857,0.062411493083483434,0.14720442129288056,0.059293610063929816,0.10853066786717219,0.1672576087165403,0.03542145473608662,0.045683635252154416,0.0,
2004-10-12,0.02486701223438298,0.029588302931152905,0.03753281009388904,0.03103504210722169,0.0381679599845852,0.019065597448099363,0.019899053801061457,0.023655248591887792,0.05547767026302672,0.057275491698808134,0.06418399723244926,0.1450692213119342,0.05710576603246362,0.1132360013635097,0.162281969074463,0.03467231079590045,0.047098764146385814,0.03978778088877864,
2004-11-12,0.024071343402503095,0.02723912562777288,0.035250193563013496,0.028587274911126562,0.035714165821217704,0.02052711573330141,0.018944912891047154,0.02515998703808429,0.054802625006832945,0.05578465456126936,0.061408506981504504,0.15048135851222488,0.058530327081139345,0.11259518695348808,0.16998066829683003,0.03223410650393513,0.049289512731720705,0.03939893438298848,
2004-12-13,0.02467679153432713,0.026469507910707343,0.03447081300549511,0.02774789422736395,0.034361419923436345,0.020997980862215517,0.020048164985474615,0.02497567359950541,0.05557171290823313,0.05500730314756505,0.05996040471221636,0.1560645862269556,0.059501754922733685,0.10794194625577845,0.1741621301615125,0.03170235285639675,0.04860905038598956,0.037730512374093535,
2005-01-13,0.02608906305812576,0.026816943037291825,0.0348849759925949,0.027265918076387265,0.034816377632801085,0.021609617850149566,0.01993434094382019,0.025592759288625803,0.05631906723780349,0.05429517238618489,0.05869889903023269,0.15681115758501582,0.05967174237964179,0.10456392868363962,0.17782969794934209,0.030028200188928076,0.04566066353788225,0.03911147514153298,
2005-02-14,0.024013420175726823,0.0285430406439261,0.03587577504046234,0.030538612855555678,0.036273978018623636,0.02113346416439629,0.018222476250071527,0.024950010854284502,0.05320544953426692,0.05849872790443621,0.07191898998935467,0.14911991233439326,0.054383007581011306,0.12041064555311334,0.1502398080996226,0.0335778383041941,0.04675935426476378,0.042335488431796964,
2005-03-14,0.025733639792063962,0.025348976238139073,0.02951212230637822,0.025533537971400583,0.033396235790185504,0.026384865952034518,0.021797593343072633,0.02583259169304707,0.06624581397468719,0.05609409836121983,0.05771305204347541,0.16250054918150703,0.06109196366211073,0.08289978986583017,0.181464177760837,0.02805726870788567,0.05065469164626096,0.03973903170986458,
2005-04-14,0.020692440236421923,0.026312824045664065,0.032552679996242555,0.028238479507138564,0.03451390728691441,0.026386517755178765,0.02352345707296158,0.028300933455586326,0.06979851475218439,0.06074504500834495,0.056703057521388496,0.15186705784928795,0.05978140388091877,0.10512761599095846,0.15617211901920544,0.028151244302576463,0.04589172930393877,0.04524097301508813,
2005-05-16,0.018510249122896748,0.02313099613247117,0.029188347397636566,0.025713787231432545,0.030830663697351383,0.025321778761697184,0.021995720432171503,0.028178931027149027,0.06401150237327179,0.05739801425559751,0.06639573552533691,0.15570572530510243,0.05818629502654255,0.12219537318675588,0.0,0.029129975889260595,0.04055035203405816,0.0,
2005-06-16,0.018316935960533617,0.02384458024624898,0.028103506698710524,0.025469833007812855,0.030041661867385612,0.02586457910775658,0.021961620883662714,0.0280116472084966,0.06719177337343414,0.0576832974733483,0.0652909442539218,0.1510188292163049,0.06340461590505653,0.12083767566860124,0.15215586294754563,0.029333523393753322,0.04052552609093233,0.05094358669649435,
2005-07-18,0.018226532182955685,0.023797481885625863,0.02883608135024147,0.025746042083091208,0.030192842749343113,0.025529350416077453,0.022141932572416576,0.027747297296195895,0.06682962773851996,0.057557135826852436,0.07079391150166439,0.1521615370109417,0.05870101910751343,0.0,0.15359577879193326,0.028570691199951665,0.04183062550800326,0.0,
2005-08-18,0.01936664298951719,0.02446999175224385,0.027664310978805406,0.024516665095694175,0.02943398049187032,0.025373880555826005,0.023535208990111193,0.02723061815184977,0.07060561306457475,0.05774048884171769,0.062243521957982766,0.15371001862264738,0.06908279037608789,0.11018605810970361,0.15703222943068867,0.026965812407924707,0.04178980622852484,0.04905236195422962,
2005-09-19,0.018013100853442893,0.026149060386217008,0.029755695439523108,0.02596771616961515,0.030299419018389707,0.023545757380356535,0.021289077871429214,0.025738941255418528,0.06946178283019351,0.05592339432642914,0.0626876635329805,0.15533411163763583,0.06884389476803354,0.11224169458471199,0.15923141388850046,0.027851845618078852,0.04070312580400705,0.04696230463503709,
2005-10-19,0.016824351361728253,0.025265829788731358,0.02960805767363704,0.024903186249558812,0.029632960595665923,0.024331354681339578,0.01935495755799516,0.025622330012920056,0.0651141317548543,0.054404339578554464,0.0,0.1558937089860878,0.05820392655672262,0.11705655123235852,0.15991098549509167,0.026037199898156612,0.04281332252420664,0.051209679772282496,
2005-11-21,0.01673075107469147,0.024102879405998427,0.030015168841865444,0.024265424156734737,0.02982161517248,0.023594654015439663,0.022044459437241478,0.028362062591981353,0.06915906179051093,0.057024374237731816,0.0,0.15225214024559658,0.05157084510721997,0.1283186833024573,0.15273005162797285,0.02546192145390876,0.037548733910014565,0.051656649653564604,
2005-12-21,0.017167087261338726,0.023624769549235643,0.030678919254904683,0.02408700988201654,0.029983227502313872,0.023112803095063375,0.022961025676854124,0.027774595514235736,0.06888892795165767,0.0583191475292868,0.07472276618474677,0.15387508444182998,0.052683793121980196,0.12836295965132002,0.15486486563040255,0.02542933559359074,0.03362740593276636,0.049836276226456304,
2006-01-23,0.016500637063964173,0.022718350433950072,0.027781558252801167,0.023562330132246952,0.02828400749102057,0.021104368426356105,0.019726893287124646,0.025530581008611577,0.06704613870997056,0.05681958257558387,0.08328586085266676,0.1591895130497247,0.05622948319987222,0.14084626496982522,0.15472549949709205,0.026422500953261895,0.03498735291386158,0.03523907718206596,
2006-02-23,0.017397610041959527,0.02507287643261296,0.029314262220850103,0.024663779805947673,0.02724842739991002,0.02364411244738376,0.019628549548162108,0.026057853092174545,0.06654506845697321,0.056505413972220656,0.07353129970168922,0.16738341360428063,0.0633477540950371,0.1295960950706507,0.1623474528939142,0.025440196057860714,0.03303079920340986,0.02924503595496291,
2006-03-23,0.015261614930098194,0.025999850613571716,0.033591942062500345,0.027535157684498476,0.031254050137372556,0.021289350823702622,0.020182748641717863,0.027747227042268376,0.06224952949854193,0.06147632309190358,0.0,0.16473746579922763,0.055534451907324145,0.0,0.14415210545026924,0.029941150465760534,0.03451444537719486,0.030943797402446915,
2006-04-24,0.017729855196585317,0.020034300795968102,0.029583578443830996,0.021720487911825615,0.02635626633894395,0.02500166518451046,0.018774653154590395,0.024907343327401132,0.061024677850211394,0.060128443440753424,0.0,0.0,0.05827083532018863,0.0,0.16825136673329505,0.028698080324359963,0.03225367772705743,0.024373199661524347,
2006-05-24,0.0,0.017861841423100717,0.0,0.022730408890964723,0.02895153584407878,0.022767320899801338,0.018529400687369562,0.021336210342046674,0.05300511857347749,0.0609292617712735,0.0,0.0,0.05179063909568215,0.0,0.16488802624233823,0.03448339257625117,0.028058561404120497,0.024013430631691576,
2006-06-26,0.0,0.022538019595234528,0.0,0.025208970753896876,0.029947366914605967,0.02028086637489388,0.0,0.02192914589175302,0.0,0.05853924590397604,0.0,0.0,0.06352067444485245,0.0,0.0,0.03349257597839249,0.030860383918323367,0.02263964824397733,
2006-07-26,0.0,0.02316366205180698,0.0,0.02339085481903835,0.028970505765658006,0.017597107150016514,0.0,0.02411569563530718,0.04404382314958925,0.05879937616009986,0.0,0.16425977373923886,0.06869337505565554,0.13168604131496478,0.14871753189137452,0.035283036212913586,0.034347134264223436,0.020437697720725817,
2006-08-28,0.0,0.02402436190395986,0.03166701068429661,0.03001714296797325,0.03044225521044042,0.01955871443161815,0.016116420544968795,0.02060357647821815,0.044748295333395326,0.057965531961814906,0.11753359360847158,0.1655549175437225,0.06469465414480095,0.1300138017283115,0.1457294848344926,0.03302097648785638,0.03263700815692456,0.020455516658851577,
2006-09-28,0.0,0.024049332649974754,0.03188484905760369,0.030547481134043868,0.029308601599402004,0.018925941510509726,0.015560498602041558,0.018919143206860528,0.043317789641205036,0.05639221671958549,0.12197794484203843,0.1655678822071931,0.06505918342798325,0.1302824198880046,0.1487504647271117,0.03346186777305161,0.0,0.01971544136626506,
2006-10-30,0.01426216838681182,0.024047151827074835,0.032798645721663446,0.03176792417510881,0.029580391346724275,0.020045983421094062,0.015965934267163306,0.018277260782231537,0.04343423160882498,0.05706384077216848,0.11730234211044833,0.16938371196704355,0.06770586791581978,0.12407306633007151,0.1503929463951509,0.032928504183504057,0.0,0.0,
2006-11-30,0.013339335103944132,0.025537839359879865,0.0323101320066222,0.03142161328430116,0.03157107661209294,0.020219415921391957,0.017067038383181975,0.022023689387862602,0.044177816194060124,0.05907255088319287,0.11324356593039095,0.16247364521880203,0.07149579389583101,0.12340463789887178,0.14530996606855867,0.03291073453464675,0.03298844139105274,0.021432707925316093,
2007-01-03,0.01330810898221933,0.02630193556586495,0.030858215298130372,0.030387813052189263,0.030892891284165846,0.01895390150036277,0.01709018567955611,0.021754512631489756,0.044183752662957806,0.05665713543325179,0.1133905441614161,0.15416572364184628,0.08551056327870736,0.12238814152751647,0.14451068941943307,0.03317421474337436,0.0,0.021781526479107912,
2007-02-05,0.013483809470226135,0.026899040124627595,0.029743182293725547,0.029670558447550094,0.030651400050014155,0.017567234408512232,0.01663953472685229,0.020881684831385187,0.04343879307045568,0.0563731434845836,0.11979925616668556,0.14852605695695523,0.08707022841761557,0.126574623890583,0.14617724626246026,0.03212831584908129,0.0,0.021184330826531875,
2007-03-05,0.013518331705537514,0.024062585013428124,0.026515016767522586,0.027331297001286167,0.028839148964862792,0.01609139424635487,0.01458667442144791,0.019113258583860676,0.04038527653682931,0.054709835247873956,0.12868221604390623,0.15685056136657619,0.07002655633186661,0.13849239258867257,0.15837637779614633,0.02871026270028715,0.03059949168329196,0.02310932300024901,
2007-04-05,0.014797415101891928,0.02340714603259697,0.024519606424410978,0.025583578027311073,0.02935650825989154,0.01606246848662874,0.015407429524298032,0.017884461372848045,0.04400572525066147,0.05324914100737078,0.11021523677848284,0.16211634161662145,0.0723324421651336,0.1404174406329409,0.167294766434896,0.026533644098022648,0.03260974591964764,0.024206902866345473,
2007-05-07,0.015342961809135289,0.02553510114430464,0.024164346474429846,0.026527732266392903,0.02938897148830083,0.01661822367428594,0.016527956929100425,0.016719978188600923,0.04559880394202886,0.05243230389299987,0.12009982437479613,0.15215938863269415,0.0,0.13949564358913655,0.15635460547014524,0.02491324656521135,0.031521862535106596,0.026494061223395836,
2007-06-07,0.015616794676597563,0.02600538601534724,0.02344492049124727,0.025679792007356116,0.02855777754314228,0.017820346548385282,0.0187881948125576,0.01790783382414263,0.04769083828072661,0.0527313097594344,0.0,0.0,0.0,0.0,0.1532746528920757,0.0,0.03461407788350324,0.02571027193126582,
2007-07-09,0.01941715020227588,0.023796855783132686,0.02272623847555204,0.0235339611664547,0.0251291889761846,0.02083642247971541,0.018092635359759204,0.021308160904585795,0.05182632340722842,0.05743833665403455,0.0,0.0,0.0,0.0,0.15911235003109564,0.0,0.03813594447326905,0.027144141037988838,
2007-08-09,0.0,0.0,0.021639793010660206,0.0,0.02236895355679956,0.019479917927104493,0.01799893451210938,0.019323569106036262,0.05002471522022695,0.055624413522973495,0.13932966811210898,0.14992799678090676,0.0,0.15091584234290392,0.0,0.0,0.04380186287786015,0.031358758055711894,
2007-09-10,0.017730483759218246,0.0,0.02065729969801802,0.0,0.0,0.017332294334701678,0.01577842366838743,0.016856602450127614,0.04320581911318093,0.050154414200998663,0.16023576941273715,0.15261315072133566,0.0,0.15906260991533944,0.0993653736515811,0.0,0.04766191067980532,0.030909529525380133,
2007-10-10,0.01666006485950024,0.020502472055066546,0.020781265683881795,0.020202494101147443,0.020906153439905362,0.017837885632790658,0.016143254430065666,0.018302188313709833,0.04494235253370094,0.05189856395248634,0.16086843081908214,0.1544274488770161,0.08588493205190804,0.16129144369961768,0.08104751606306758,0.021990524924674074,0.05088869469772883,0.03542431386465077,
2007-11-13,0.01595731731108613,0.0,0.020978605570464444,0.0,0.020804813096958044,0.01791869700516875,0.015061729179271514,0.01574080903093798,0.042916777418493764,0.05151600163240713,0.1686616953662227,0.1615241950231847,0.08915080067587998,0.16881598907905573,0.07317832496732944,0.0,0.042733923832747336,0.032226162587558206,
2007-12-13,0.014243173701974109,0.0,0.02273089046581425,0.0,0.023022910525696903,0.01959686063743756,0.014072444265821892,0.016759587894302524,0.04220246170045127,0.056414789675335336,0.1541079822392971,0.15939506284168456,0.09681244534784908,0.1666762972008827,0.0668709578836045,0.0,0.04609171420057039,0.032309168165557456,
2008-01-14,0.017515319197665462,0.0,0.0,0.0,0.0,0.0,0.016473105081785875,0.0,0.04409570630407563,0.0,0.14214609686539845,0.1644829917676857,0.0925862856746188,0.16825608731296837,0.0,0.0,0.04538308312368742,0.03713912364554448,
2008-02-14,0.0,0.0,0.0,0.0,0.0,0.0,0.0,0.0,0.0,0.0,0.15201045557857956,0.15418364216504088,0.11274096421648132,0.1597740386230033,0.0,0.0,0.0494083575208823,0.03673049839580743,
2008-03-14,0.0,0.0,0.0,0.0,0.0,0.0,0.0,0.0,0.0,0.0,0.14795495010567244,0.15526321833671064,0.11577050755144244,0.15787490308458305,0.0,0.0,0.048796639589853176,0.037859624943222675,
2008-04-14,0.0,0.0,0.0,0.0,0.0,0.0,0.0,0.0,0.0,0.0,0.15342364578707127,0.15499323778830448,0.1333000764563265,0.16072789001073665,0.06319191366426236,0.0,0.03721458426638393,0.04054759448162865,
2008-05-14,0.015781871710420316,0.0,0.020951678692001964,0.020616756518704687,0.0,0.014664827407101517,0.012924470127855438,0.012878891883442973,0.04103478562176173,0.05015513723356528,0.14949052504813665,0.15059204289521683,0.13817554667839418,0.15680424793629036,0.07078101312653945,0.027438966450239206,0.03549440689468247,0.039382245952382676,
2008-06-16,0.015956514156603353,0.0,0.0,0.0,0.0,0.0,0.0,0.0,0.0,0.0,0.0,0.0,0.1423935120189789,0.14986242985485487,0.0,0.028538289474464268,0.03598154618110814,0.033986284367719784,
2008-07-16,0.0,0.0,0.0,0.0,0.0,0.0,0.0,0.0,0.0,0.0,0.1216549387459432,0.15863915140982074,0.0,0.14586667692144845,0.0,0.0,0.03125911614339751,0.03392633575864533,
2008-08-18,0.0,0.0,0.0,0.0,0.0,0.0,0.0,0.0,0.0,0.0,0.12345979474682853,0.15300138763398372,0.15095178489304661,0.14445602712183145,0.0,0.0,0.03112665443952461,0.0,
2008-09-18,0.0,0.0,0.0,0.0,0.0,0.0,0.0,0.0,0.0,0.0,0.14070914320583783,0.14735365936934267,0.0,0.0,0.0,0.024363723338225136,0.0,0.0,
2008-10-20,0.0,0.0,0.0,0.0,0.0,0.0,0.0,0.0,0.0,0.0,0.0,0.0,0.0,0.0,0.0,0.0,0.0,0.0,
2008-11-20,0.0,0.0,0.0,0.0,0.0,0.0,0.0,0.0,0.0,0.0,0.12133040320729242,0.0,0.0,0.0,0.0,0.0,0.0,0.0,
2008-12-22,0.0,0.0,0.0,0.0,0.0,0.0,0.0,0.0,0.0,0.0,0.15683773824602923,0.15417065438648253,0.0,0.0,0.0,0.0,0.0,0.0,
2009-01-22,0.0,0.0,0.0,0.0,0.0,0.0,0.0,0.0,0.0,0.0,0.18750225266045178,0.1176301433879752,0.0,0.0,0.0,0.0,0.0,0.06666146135193982,
2009-02-23,0.0,0.0,0.0,0.0,0.0,0.0,0.0,0.0,0.0,0.0,0.18795766309310816,0.11516567243011325,0.0,0.0,0.0,0.0,0.0,0.06592955317088424,
2009-03-23,0.0,0.0,0.0,0.0,0.0,0.0,0.0,0.0,0.0,0.0,0.21759447699071374,0.1112652262494091,0.0,0.2129346421357195,0.0,0.0,0.0,0.06316153463672132,
2009-04-23,0.0,0.0,0.0,0.0,0.0,0.0,0.0,0.0,0.05003630018128198,0.0,0.226773338679167,0.11254517457959883,0.06060408306622796,0.20575079589204157,0.039401908544241485,0.0,0.0,0.06839900220609935,
2009-05-26,0.0,0.014607718809403744,0.019139032601778048,0.019523997572250918,0.0,0.013911152273402689,0.0,0.016840577605154797,0.04939652388340367,0.0,0.0,0.11153298452151628,0.06477760580084652,0.20772865111699976,0.03753874295287499,0.0,0.0,0.06683171657723043,
2009-06-26,0.016958606880391917,0.014774041616815965,0.01981681755032457,0.019096964665685525,0.014127885287169191,0.014132208211633423,0.02056356462052454,0.017744647844918197,0.051720135469779396,0.046810478206197506,0.0,0.12513099918373322,0.0632732725884929,0.19687959909509697,0.0375011995039892,0.0,0.03878282449236326,0.06591218430489061,
2009-07-27,0.018825545441255594,0.01442775335319104,0.016552374788519918,0.018182095430532407,0.019190678841740264,0.016055713496418225,0.023160676695640803,0.015370210328336593,0.05435077863257353,0.04783393499892769,0.0,0.12503782892490908,0.06706927240316925,0.19916671429156166,0.03717746393905662,0.015362975325166558,0.03713052543511658,0.05800021147940457,
2009-08-27,0.017363463206037006,0.012706460516388076,0.016343098204644826,0.01689759599073287,0.017160207862765935,0.01734284263568174,0.01974117372568504,0.017102152861669696,0.05939464485640948,0.05524143298650952,0.0,0.19298468087910517,0.06083464828770752,0.1681093034083998,0.0393641335199219,0.010645050678616711,0.032958493656265006,0.06601691954388954,
2009-09-28,0.019319151112408908,0.01429591464062436,0.02045586145815722,0.017525565902927934,0.020019776610985016,0.019424646710436606,0.02342232123588413,0.01749987020456705,0.0625037230499283,0.061676419435348295,0.16505345366498578,0.16651554804240182,0.07952755401558248,0.1463526311142375,0.03776796599069342,0.011997596899547934,0.035047125444462125,0.08159487446682108,
2009-10-28,0.019867758109528406,0.013180765604614484,0.020607402313045028,0.018397632219457616,0.020262559609717647,0.015714681783481104,0.02190090606064736,0.01669665743387978,0.05825544205485743,0.058103771308054386,0.16434693558387156,0.15820007866827937,0.0892795583626043,0.15487818106140358,0.040288005400097894,0.011390741149069397,0.032227064716513744,0.08640185856087686,
2009-11-30,0.020428505581082303,0.013229435563868252,0.020686457773221444,0.018797770596482202,0.020598300260098873,0.01546952622462568,0.02223451367005291,0.017134672432591664,0.05565671379483821,0.05758144335882997,0.16529544373248747,0.15777710519292554,0.10897683414559316,0.15444377006350019,0.04228263512772049,0.01176433179237415,0.03308701105663627,0.06455552963307132,
2009-12-30,0.019153628367717078,0.013949981427306017,0.020335881340238258,0.017386309461979523,0.02090606880865785,0.014325509893817525,0.01902680027328449,0.01613308102961483,0.04856248065670584,0.05542774109708275,0.0,0.16155311501071815,0.12205447327821552,0.1699916637616998,0.04611545811122168,0.011235356790303205,0.027750774655863928,0.0520295854759662,
2010-02-01,0.01784544340913515,0.01525777530845748,0.0199662454392938,0.01852313230741493,0.02164128752304655,0.014414743267922253,0.018879869521011724,0.016313344843332057,0.05012846532628333,0.05402566921610756,0.0,0.16075561933880542,0.1317438154030465,0.1716648827274929,0.04636389486996608,0.013266830748100766,0.024509192895454248,0.045101123075731296,
2010-03-01,0.020152439961288755,0.016502593795307614,0.01956375405707743,0.020671786922711547,0.024468264186687468,0.014572171968070402,0.013990885274882191,0.018300442508761193,0.05191938736964186,0.06082270813924943,0.15542557105499097,0.16735961243412845,0.11895097678398596,0.16588533933583605,0.051985662580686216,0.016869387148961936,0.02595340665979521,0.03660560981793735,
2010-04-01,0.019298937148374083,0.017153048543526818,0.020764186368723007,0.01973425462845805,0.027872135818913915,0.014048624418337222,0.015427442432917623,0.016248109498199943,0.05020852817574104,0.060911208244696396,0.0,0.1610577583574953,0.1164238392208153,0.17245566416100683,0.05427836922009579,0.017255577284989606,0.023556510948137484,0.03069378193062066,
2010-05-03,0.02181105249790294,0.01774987791700631,0.023107512848558585,0.022290136847932,0.027429795183509673,0.0,0.01328045836539146,0.014822560369870896,0.04691543129028932,0.05859845390933363,0.1590092759766345,0.15905060660186257,0.12669883899681048,0.16615240592550273,0.05534558289620595,0.018093566317642612,0.024443852622265484,0.03160828532240365,
2010-06-03,0.017662420072604258,0.0,0.0,0.01599021028706076,0.024637744045385684,0.0,0.0,0.0,0.044472665712747474,0.0,0.14914374980369935,0.20247290240866958,0.07771030823852319,0.2267816914507004,0.04272584351192964,0.01726838180667115,0.0,0.0408261828836658,
2010-07-06,0.0,0.0,0.0,0.0,0.0,0.0,0.0,0.0,0.04145706894588584,0.0,0.12529051800325192,0.2169151241831386,0.08249236075440196,0.248635747184892,0.03857079050379148,0.0,0.0,0.042127308056490696,
2010-08-06,0.011211293834532345,0.0,0.015918252582872123,0.01687221246408609,0.02418045500408603,0.008593791604094323,0.014620519914121973,0.016671428687352465,0.03977412772248403,0.04546405812741662,0.11490457741506703,0.2209178656780279,0.08113763034227846,0.2594686060750159,0.0375574510474915,0.017886258748455033,0.0,0.043569497522490334,
2010-09-07,0.011587650136764832,0.0,0.0,0.017070742060471943,0.027803431691452295,0.0,0.014284534615920786,0.014339074533609327,0.03794247688722499,0.04217824242981895,0.03462980584471429,0.25780380665174796,0.08684488740662741,0.3029174251124254,0.03139511567440891,0.017259893977120112,0.0,0.04762273484364362,
2010-10-07,0.011214114139334673,0.012631010484826196,0.01591330807758755,0.015420144939854002,0.03268450412659513,0.010233852246860489,0.013134954952646874,0.015354386812323179,0.043067304773076305,0.051678025675500096,0.11748796609214106,0.21254344733411318,0.07131392586008507,0.2433679451869747,0.040290639582275786,0.01879776045685974,0.022978047818401397,0.051888661440544666,
2010-11-08,0.015412577218274494,0.016513775514020917,0.019045686540828756,0.017726598427422902,0.030503473810492347,0.011681666946230239,0.012756352363240513,0.01598694176007753,0.05057073400975336,0.053675228604233065,0.15766203060596573,0.18098973023643447,0.07783189853021547,0.19847999247320217,0.04728099808895719,0.020079705671803633,0.025234855684851887,0.04856775351399539,
2010-12-08,0.017249086993206684,0.01821747926097585,0.021840868606956224,0.02042163112335751,0.03232883367934133,0.013512806981717834,0.014637006873187934,0.01768953815768699,0.05465603265414921,0.06197188908971373,0.0,0.16581569686233646,0.06932865542935852,0.1699468515896602,0.05733704339020438,0.021000875018100405,0.028705071673277103,0.05280927593806592,
2011-01-10,0.017700761108742424,0.01861337981382118,0.022345704563786713,0.021323140723022924,0.03207416901381405,0.014090131083500304,0.015254390680186507,0.018201359797021494,0.057247518604943225,0.06463017250915983,0.0,0.1591136929137131,0.0701112764609414,0.1595486555890363,0.06063532738860261,0.021040336447487703,0.030243482144613944,0.05743715278779368,
2011-02-10,0.01768911700402357,0.018609508174175216,0.022608856002502422,0.02187482496691774,0.03205130550373217,0.014348500617735072,0.01557619573273311,0.01845447789333266,0.05802018487137792,0.0655144805154184,0.0,0.0,0.0,0.0,0.0640626000341791,0.02172449781873165,0.030850177977178008,0.058822859970265075,
2011-03-10,0.020176566254719645,0.02010645115111208,0.024025707568297146,0.024912989234730912,0.02934920528270168,0.015459426690957949,0.016523511847092748,0.01913395257649641,0.06468817228872492,0.06981707782253598,0.0,0.16398096179576488,0.08710181854387154,0.12685899594886918,0.0739881206978288,0.02176094475057942,0.03154772609047008,0.05142068609604211,
2011-04-11,0.0218023841207685,0.021273678847171053,0.023808253619849205,0.023713077382297675,0.03430113430684294,0.015033063456502542,0.018116899741937587,0.019445211678935585,0.06795134066070094,0.06807996629032373,0.0,0.0,0.08721187717111037,0.12264136132833689,0.07895296918198391,0.026938810233478567,0.029864216720042816,0.04254835450926912,
2011-05-11,0.023954074423594693,0.024145393785729222,0.025540751979621194,0.026837114626038886,0.03561447400272989,0.01655674831625241,0.01572066981737728,0.01666523713640304,0.06541954669828623,0.06611095494408867,0.11423032504528138,0.18677731840690884,0.07527927552880716,0.12418832404787022,0.08677969748587164,0.02783655190670667,0.0269395226946462,0.041404019153786414,
2011-06-13,0.023751857189303067,0.02331786878396476,0.02702461164097753,0.027953267772358036,0.034663672776744384,0.017249029025311446,0.015879267588572013,0.017286113358356447,0.06321328983273469,0.06474832002530115,0.11677074139627167,0.1712224028261191,0.08097098226216967,0.12760119571497544,0.09207749723199361,0.028087848339753207,0.02831301852663012,0.03986901570846365,
2011-07-13,0.024181905956725466,0.024075246838427416,0.02776040074551546,0.029367027881330176,0.03557182790043209,0.0,0.015907276205495074,0.017836741278590126,0.06257632111043349,0.0657180841012428,0.13585682521910342,0.14580898018167257,0.08765163999510563,0.13457686836566599,0.08096568734862926,0.029833178786594763,0.02708986134757887,0.03902042914092664,
2011-08-15,0.0,0.0,0.0,0.0,0.0,0.0,0.0,0.0,0.0,0.06119861386872724,0.1452048803158289,0.15304950112441792,0.08300573684050051,0.1482852594481114,0.0,0.022127148139884627,0.02910923880549776,0.062092062642125044,
2011-09-15,0.0,0.0,0.0,0.0,0.030956207828926004,0.0,0.0,0.0,0.0,0.06024137420565752,0.1487627488314294,0.1547152645537193,0.08740088671898803,0.14427173886110028,0.0,0.0,0.0,0.06897800175194559,
2011-10-17,0.0,0.0,0.0,0.0,0.02148041194304979,0.0,0.0,0.0,0.0,0.0,0.14573921354128308,0.206792453717898,0.0388935694106499,0.20233756927354696,0.0,0.0,0.0,0.052949844983327214,
2011-11-17,0.0,0.0,0.0,0.0,0.040117440478961895,0.0,0.0,0.0,0.0,0.0,0.20116525502624205,0.16174985504903927,0.07861861559428479,0.17006572537342463,0.0,0.0,0.0,0.036909133946381886,
2011-12-19,0.0,0.0,0.0,0.0,0.03381733914973634,0.0,0.0,0.0,0.0,0.0,-1.0124690697649059e-17,0.28104620508858713,0.0823568521135837,0.3127205236967457,0.04139999286525202,0.0,0.0,0.0,
2012-01-19,0.01660809116496296,0.013513123146996906,0.016995107665515055,0.01715394982162681,0.028840021516255476,0.0,0.0,0.0,0.0,0.04542618258646258,-6.223574579950972e-19,0.286104598827413,0.07165035206661098,0.313987511514391,0.040898263477891814,0.01694163922319182,0.0,0.03365948927559243,
2012-02-21,0.01694693342581132,0.013868866761367983,0.016861770803014323,0.016628573713980962,0.029206358440573222,0.012908838941330613,0.012513711958121652,0.011633984859118544,0.03990822805720161,0.0447647770252427,2.5542278524453427e-18,0.28271478481790274,0.07074007020145201,0.3131142002842489,0.04284014886989042,0.016859874322057912,0.024098745087276077,0.03439013243140908,
2012-03-21,0.017971276228848934,0.01570491546430221,0.01809130426343017,0.018296551813198413,0.029122730122515633,0.012391493045399543,0.01290304911740692,0.011338545242452897,0.04146576378484776,0.04278926588761575,6.569005203753116e-19,0.2793502419330844,0.07036174286722849,0.3125245964535423,0.040504472682949516,0.01662550648811421,0.025446213883452366,0.0,
2012-04-23,0.0176165968494043,0.013329750656159987,0.017582893636105858,0.01830689768182937,0.023997874025111627,0.0,0.014003662305157275,0.013091194189700771,0.04163357375996004,0.05051330463745621,-3.192467178201458e-18,0.27584837657315664,0.06916817710934922,0.3109644498926731,0.04107960952863386,0.018673246072731874,0.0,0.0,
2012-05-23,0.019255621423229976,0.0,0.019297610876241926,0.019469210380651438,0.034644777614573186,0.0,0.0,0.0,0.0,0.05373207358333909,-1.2205744769934468e-18,0.2608954177067304,0.06844168069464983,0.3281188142629465,0.039905797465932605,0.017920142280269398,0.0,0.0,
2012-06-25,0.00838503890604324,0.0,0.01847365360141113,0.008799242867380937,0.03489856514392142,0.0,0.0,0.0,0.0,0.048704530340095115,0.1986951085889397,0.1635663674293119,0.09212010667401362,0.19222757600462637,0.0375997681232797,0.022829407606278714,0.0,0.0,
2012-07-25,0.01884548338691781,0.0,0.032000167712806206,0.021127436959217715,0.028990544991143345,0.0,0.0,0.0,0.0,0.0538848317395179,0.23477458835069723,0.11448046305572747,0.12080770509268096,0.1217571385154263,0.04443302962152006,0.034764685105889606,0.0,0.0,
2012-08-27,0.020119798226859477,0.008478416142244899,0.01455693609550231,0.014961075143561344,0.04728845112951022,0.008921148049206283,0.016286104998993828,0.01907001564244477,0.04977650239209107,0.0378994770593236,0.08070800847064387,0.22492702999092615,0.10260565297391061,0.2709219908242143,0.015476760433170055,0.02409681018231637,0.018775072642362688,0.025130749602718227,
2012-09-27,0.020028056618733525,0.010803505937838964,0.01952904499513952,0.020662830898078483,0.03511516733754917,0.012406455305993921,0.01764782949837399,0.012725295897963838,0.04242901474271486,0.055539066905881035,4.308433086208999e-18,0.22348270506417695,0.10762005065870829,0.3033430632885133,0.03609858396426501,0.027944934985987123,0.027599171560726075,0.027025222339355923,
2012-10-31,0.02392676623965505,0.020838183428660215,0.021747439045045808,0.023996793116407265,0.03656643518845592,0.015258090199978008,0.021041450904488557,0.017048075175485462,0.057281588632036994,0.0619144999985942,0.18834603754671636,0.11815596748960636,0.09746075455989225,0.1416073882674554,0.0589832034708669,0.03294804163602002,0.0,0.03043580102845406,
2012-11-30,0.021231924549919717,0.018763046590104776,0.02153186981117902,0.022287071819230037,0.03192142665838771,0.014901984495257453,0.019522640507481617,0.01666398654298761,0.058496738743970496,0.0591272484396904,0.19541344869075847,0.11988837503421507,0.10439221484722866,0.13997583743476252,0.05948280977971271,0.033306336613458755,0.03246186139010106,0.030631178051553923,
2012-12-31,0.02544934837442258,0.02346220265769863,0.0250741184127064,0.026259564685374943,0.02814081305369741,0.01321892328210588,0.025454254607006687,0.014063636125492015,0.05961522028418042,0.05414110070128978,0.0,0.11280012256112677,0.10535165502155269,0.12015430665763302,0.05970190953883634,0.028598225519485133,0.030829185497294208,0.03320298064135782,
2013-01-31,0.03241497433180031,0.013024863363011048,0.02547439710942537,0.031031864968502316,0.015046850888179778,0.015398126507340694,0.030900457654701896,0.001265200332787136,0.054769051366513936,0.04673154623467042,0.0,0.1477874507743446,0.09324349225857835,0.19106764444865548,0.044716090130229376,0.017309462265714524,0.0292588463344595,0.0,
2013-02-28,0.03007432250334206,0.017483238865217587,0.021087020766398196,0.03131844318484432,0.018997057638361407,0.014936335309241955,0.029007498167512056,0.012274615949903384,0.053571822904756865,0.04338656774354405,0.0,0.13189873597037424,0.0984283069055539,0.16251004922869952,0.05135827885765598,0.023116468342490797,0.0,0.0,
2013-03-28,0.020765143766996317,0.01756367592441648,0.02082202260840088,0.021322596618834407,0.03226226363803989,0.01401720364830688,0.01964358011713722,0.017258685430579422,0.06314533934983844,0.05701072246225809,0.0,0.13988272373398286,0.0,0.16037427504828744,0.04887265502263725,0.04082635491600787,0.0,0.0,
2013-04-29,0.02099077100436933,0.008374106256927383,0.02127036679518783,0.0212616411001432,0.03048769759681442,0.013185716151397901,0.021238024318670216,0.024196711067007,0.07008419725377124,0.06112563852199159,0.1453464838701605,0.154630868971316,0.10050491998987202,0.1722550242216561,0.03850157860326505,0.04064924124390123,0.0,0.0,
2013-05-29,0.02449170420782479,0.017690923632085676,0.02339566850981887,0.024373124607689457,0.030418220733751417,0.017815163510282478,0.024523653576042928,0.020596234051378202,0.08073045921009452,0.056374079144234916,0.0,0.0,0.0,0.0,0.059360287314558335,0.03345319986171796,0.0,0.0,
2013-07-01,0.0260946863505028,0.02390926721264872,0.025843829231931237,0.030171354434101464,0.029624810335089888,0.0221032387119966,0.028379777747857975,0.0,0.0,0.05718241447904723,0.0,0.0,0.0,0.0,0.0,0.031182354611222457,0.0,0.0,
2013-08-01,0.02711682460756845,0.026226048444984388,0.027341798215855175,0.03131455205498702,0.03128924698684091,0.025028530109385626,0.02913974508781594,0.026502677838558867,0.0,0.05768625079940737,0.0,0.0,0.0,0.0,0.06391775289640281,0.03174717886276323,0.0,0.0,
2013-09-03,0.0294843191897815,0.02930911392257442,0.030069318726588787,0.03270991678328533,0.0313589181064568,0.02400965158335207,0.028449866983052737,0.02686523576456762,0.0,0.05834837606017445,0.0,0.0,0.0,0.0,0.0,0.0,0.0,0.0,
2013-10-03,0.030545453310641554,0.030826018264793496,0.03065767647095623,0.03407697421877801,0.03136916436325151,0.026580462010428383,0.030412140750012594,0.029170032758140396,0.07875887053223066,0.05977444307193557,0.0,0.0,0.0,0.0,0.07412992531481376,0.0,0.0,0.0,
2013-11-04,0.03094926925642886,0.032826950692984705,0.031626386511760904,0.03553254455329427,0.03164346288588464,0.02671863223788547,0.030474009987022942,0.029450886604207586,0.08089460020965558,0.06002652930792581,0.0,0.0,0.0,0.0,0.07650827164201433,0.029258341164823138,0.0,0.0,
2013-12-04,0.03144373794577463,0.03571539403785238,0.03281591301004888,0.03759480072020001,0.03305766232381912,0.027504683560677284,0.030672334722495018,0.03007477422517183,0.07951812907840601,0.06177585586208687,0.0,0.0,0.0,0.0,0.07852724933792488,0.0,0.0,0.0,
2014-01-06,0.03140265916658978,0.037584490027703386,0.03323696839710858,0.03798979340133543,0.03278038961842974,0.02800210222918602,0.03122915538427922,0.03042488219405356,0.08048728074018753,0.061710570987435806,0.0,0.0,0.0,0.0,0.07871991610552782,0.0,0.0,0.0,
2014-02-06,0.03157119316717592,0.04211612756813727,0.034717620895342534,0.04122091789649491,0.03422142442636752,0.026968426575852324,0.028813063082378455,0.029167259703951797,0.0,0.0,0.06930442875091873,0.1352397508754014,0.0,0.0,0.08211000433660263,0.02981777554623837,0.0,0.0,
2014-03-06,0.029690441561115326,0.044122765343051845,0.033802381813444936,0.04138549817680248,0.03285235037802853,0.02672362415350115,0.02814490165888172,0.029013401014087607,0.07798892202815749,0.06110407501585415,0.06854862480236185,0.1363001770902859,0.05015894712791278,0.10646353764192498,0.08337256550690253,0.02936441759877092,0.078657798291296,0.04230557079761986,
2014-04-07,0.028867685486974787,0.04991590842433681,0.0347411441863071,0.04223247319651642,0.0341073322127175,0.02582029260273421,0.026313480691578992,0.02886098401763767,0.07617125652262621,0.0597442182353465,0.06516461803309848,0.1253012876865439,0.0531660833832077,0.09857178428959965,0.08547797724758008,0.030523482304357353,0.09092238732152293,0.0,
2014-05-07,0.024688248195632485,0.050235579571611566,0.03110815895539012,0.038458493644707756,0.03089599271342457,0.02407202258016183,0.02427018948044922,0.02843025942701604,0.08502398372434193,0.05999176137465452,0.06499483306109353,0.12530394721508648,0.06312201349599883,0.10412013011366873,0.09767081981242035,0.028507605183362233,0.07889544703178977,0.0,
2014-06-09,0.02332311572015229,0.04714266082709827,0.030107014310188276,0.03696738771471589,0.030419453297494767,0.022719518829347415,0.022984357364290102,0.026606734881431626,0.08014829212136329,0.06003900677607316,0.07132053225426356,0.12622587060656912,0.06514565370754691,0.11038410110326875,0.10960477080656963,0.02976661632793934,0.07064454120075336,0.0,
2014-07-09,0.020823636851427553,0.04995176628594263,0.027084361860930453,0.03351432206372406,0.02908475191261014,0.021185759374504027,0.02127183485060807,0.023921308380173166,0.07201185623531392,0.05778478240149383,0.06645762510798174,0.13180918638334524,0.07378031806341036,0.11836897233756898,0.11389288464035224,0.033666632160399806,0.06577562371707753,0.03961437737313624,
2014-08-11,0.022837553997558345,0.05390431278094627,0.026323208443794183,0.03429628606579263,0.030489980328039595,0.021630170034164068,0.0,0.024523388659799358,0.06889286480696943,0.05735567318901595,0.06868147891772844,0.133790533960333,0.06893747460205692,0.11909074074731521,0.1079832603477129,0.03558992533211332,0.0,0.04191378739174782,
2014-09-11,0.021712787946566732,0.05051339184957352,0.025433897729000347,0.031079014084364847,0.028647412202961894,0.021880399379585497,0.018724792271498168,0.02420805477715217,0.06983265799171007,0.05532788536180731,0.0707026156624889,0.1361700806714228,0.07264799353236118,0.1263818155089252,0.10767563641378372,0.036485323700306854,0.0,0.0,
2014-10-13,0.0,0.0,0.0,0.02996527302761878,0.028363363691947523,0.0,0.0,0.0,0.0,0.05520172178655425,0.07506990412202796,0.1428316905343559,0.07365683288425039,0.13109264033221601,0.0,0.03654149462865678,0.0,0.0,
2014-11-13,0.019529062241029512,0.04755406458461393,0.02416586976577609,0.030694693241407486,0.027923824788692535,0.0,0.0,0.0,0.0,0.05407552173608686,0.08142701462894798,0.14534720440870072,0.07572270005248036,0.1312797678755533,0.08810969846926475,0.037775428169194686,0.0,0.0,
2014-12-15,0.02337360927020992,0.04611881299371767,0.02613034863880353,0.032048964288119146,0.03328226801169443,0.0,0.0,0.0,0.0,0.06047583757492605,0.08757405852191746,0.15520363332965453,0.0,0.0,0.0,0.038361298165773446,0.0,0.0,
2015-01-15,0.021347469383036752,0.03534964249677737,0.025392755266905608,0.02940992842536301,0.030470595085925846,0.0,0.0,0.0,0.0,0.05925520777373399,0.09572099362630801,0.1674032833734669,0.0,0.14383015092340581,0.0,0.040495853683984534,0.0,0.04579410677055343,
2015-02-17,0.02299791183638624,0.03408495069695374,0.025514608276109893,0.029479827140432638,0.029300380933329862,0.0,0.0,0.0,0.0,0.05773433571662453,0.09885103991847982,0.1669398286015801,0.049967879178375814,0.0,0.07577156720914827,0.03617778975490343,0.0,0.0,
2015-03-17,0.023545625634458237,0.031432813469581856,0.025452204517927395,0.030527655742264143,0.02768846496480599,0.0,0.027590102624490118,0.0,0.0,0.05613345869315092,0.08953731943523789,0.15735939810208396,0.0,0.0,0.0,0.03404904037869044,0.0,0.0,
2015-04-17,0.024783188519245002,0.032320529681542705,0.026304512972772153,0.028711500410755948,0.02863810719884891,0.027732519907078045,0.028661266929461266,0.028253203032503928,0.08171769814406664,0.05573654698786667,0.08450451196393009,0.1680757398793393,0.060323554099221265,0.12957696826228288,0.07641629479120506,0.03324041804159714,0.0,0.0,
2015-05-18,0.026548867636494933,0.030406320994837307,0.02730836702987872,0.0306912815373407,0.029810237539253402,0.027133882796721097,0.029047977234991078,0.02728194224417787,0.0835954651140754,0.05888208764813764,0.0,0.15749171936894957,0.06217422620571461,0.0,0.08009843963401979,0.03239238390012375,0.0,0.05013136527458047,
2015-06-18,0.026346356672777068,0.030874261574831276,0.026731456984971758,0.0296109128027091,0.0292468217787087,0.028570504581692815,0.02943418192639065,0.02741292994509584,0.08596544187080742,0.05776257888723573,0.0,0.0,0.0,0.0,0.07540981450577941,0.03066368515899364,0.0,0.0,
2015-07-20,0.025973790075770317,0.029401968558436447,0.02527914025463976,0.02892940386919131,0.028935609973848517,0.027783488023344044,0.028405780564027615,0.02642226225169104,0.07824701149470031,0.05532390327451824,0.0,0.0,0.0,0.0,0.0,0.0,0.0,0.0,
2015-08-20,0.027834549493867478,0.0,0.02663144904612856,0.027625123225994773,0.031002019828135313,0.0,0.0,0.0,0.0,0.0,0.08540347366900372,0.16180544245599277,0.0,0.0,0.0,0.03459859221090056,0.0,0.0,
2015-09-21,0.024349300271902782,0.0,0.0,0.0,0.0,0.0,0.0,0.0,0.0,0.0,0.0,0.0,0.0,0.0,0.0,0.0,0.0,0.0,
2015-10-21,0.023764991872317114,0.0,0.02381573194582723,0.0,0.024703657922164925,0.0,0.0,0.0,0.0,0.0,0.08665031150893177,0.19380149368985283,0.07569406882307383,0.0,0.0,0.029487299405361964,0.0,0.0,
2015-11-23,0.02508457519980055,0.0,0.024274347903670408,0.023353104204455674,0.02375705833710767,0.0,0.0,0.0,0.0,0.0,0.0,0.0,0.07534842522573247,0.0,0.0,0.028747132981208696,0.0,0.0,
2015-12-23,0.02295412223602927,0.0,0.02309749214383958,0.0,0.024374436186516524,0.0,0.0,0.0,0.0,0.045124557868368664,0.0,0.0,0.0,0.0,0.0,0.028760617606196946,0.0,0.0,
2016-01-25,0.0,0.0,0.0,0.0,0.0,0.0,0.0,0.0,0.0,0.0,0.10052425548011784,0.184846092099727,0.0,0.0,0.0,0.0,0.0,0.0,
2016-02-25,0.0,0.0,0.0,0.0,0.02314437032243908,0.0,0.0,0.0,0.0,0.04054365422221225,0.11741146890220867,0.18021828211727345,0.06726850096633485,0.15860621823731524,0.0,0.027764854605613752,0.0,0.08460105487172775,
2016-03-28,0.021537958296269078,0.0,0.02035578206817885,0.019636259782443963,0.0227228128736734,0.0,0.0,0.0,0.0,0.04312588072033988,0.1493789639907884,0.1645844813318869,0.06726159497856267,0.1520869870284578,0.0,0.02723840443052824,0.0,0.07851780181442315,
2016-04-28,0.02250561467598166,0.019941265423719982,0.021388429925617018,0.01994516259784041,0.023177695455103165,0.0,0.023475958296964344,0.019668024479755145,0.04809935440821786,0.04389144550377847,0.15419338611187303,0.16065425901424812,0.06982467144309247,0.14811183214657941,0.06973655899091434,0.027767621793977095,0.03489531847271093,0.07405735835898887,
2016-05-31,0.022495255873824303,0.019628276991663973,0.02134111497838394,0.020958129966695077,0.023021802293559435,0.0,0.023818823346326276,0.019953653901771683,0.049463915136420664,0.04409415646992208,0.1551096508449054,0.1631157626390884,0.06485208373047499,0.14595462540716397,0.07101093615503107,0.027681153379976564,0.034208044966041275,0.07440997219779337,
2016-06-30,0.02488768079502855,0.019561258342516995,0.023580691987506078,0.023623579805806868,0.026225538754683683,0.0,0.023071877728487143,0.019719927002080813,0.050559600504495004,0.04933718437720497,0.1564473595935535,0.15719320407200474,0.06711627628260704,0.14842437104268294,0.058313596548354336,0.02938406758719906,0.0365791628140474,0.06922215206527749,
2016-08-01,0.026223799212086816,0.01978624312160598,0.025120504291231353,0.026219315618678154,0.02721134354820629,0.0,0.023670321955278493,0.02054823229931972,0.05606900100365167,0.05152458454697753,0.14286060681138257,0.16043714757084795,0.06371652516491001,0.13970094166239688,0.06085999444571618,0.029443878465848648,0.03401349296940167,0.07486091768155312,
2016-09-01,0.02632507220808468,0.020151264289102196,0.025750347165384664,0.026210199952570436,0.02784743766235033,0.017821600516575525,0.023210783476291817,0.020491850861487713,0.05759848743493383,0.05329609051490606,0.1405184437608138,0.16090856758943584,0.059949520010327835,0.13604766707317892,0.06121115468562708,0.030349641169253313,0.03458274179487979,0.07772912983479617,
2016-10-03,0.024196763027518876,0.022133690497321595,0.02401975344222044,0.02564530266471528,0.028182760480223064,0.017583874280749062,0.022530780546641285,0.020111628773089474,0.057292824174516824,0.04956763452749772,0.12616983308396643,0.17987020808018822,0.05444840651723122,0.13833414940952013,0.06478052294892157,0.030034645055071262,0.03496622401347186,0.08013099847713555,
2016-11-03,0.028037988795204107,0.024901166317671593,0.0,0.02850720874178773,0.0,0.017528696505112712,0.0,0.0,0.06469968369922122,0.0,0.0,0.17054256572969662,0.05486899200769347,0.14074343103666304,0.06090857698494244,0.0,0.04047946299773407,0.07251412111085753,
2016-12-05,0.02862655791267677,0.030891887496854325,0.03355668972742656,0.031861284445656134,0.0,0.01867537390087807,0.0,0.0,0.06442618160244785,0.0,0.0,0.0,0.0,0.0,0.05816288458141213,0.0,0.0438056270080718,0.0,
2017-01-05,0.030077071689126954,0.0322785950732068,0.03514068967713754,0.03201725013160685,0.03250037494939012,0.019724437610762816,0.022566772551626323,0.022671370214499414,0.06755646273789481,0.056554478664069825,0.0,0.0,0.054383044281319834,0.0,0.062367386414235094,0.03482624037966331,0.04844234959908513,0.0,
2017-02-06,0.03100889362271275,0.03312680970122877,0.035759953820934776,0.032348023485614046,0.03263296031880376,0.02050891366012267,0.022348051124042694,0.024202672583884283,0.06699227203223768,0.057356182934705784,0.0,0.0,0.05348293779225229,0.0,0.06414922378741769,0.0,0.04950972095841074,0.0,
2017-03-06,0.030810486950095615,0.03368199772592273,0.036160912423454226,0.033106242199121866,0.0330874098918229,0.02146969650286551,0.022028141880138165,0.023390043714705402,0.06404374858890015,0.058373156910241975,0.0,0.0,0.05381842755262782,0.0,0.06546861208294462,0.035496346706749324,0.049833610514499645,0.0,
2017-04-06,0.03121592886233932,0.03358616376113343,0.03589389398499121,0.033211750437942736,0.03325226581153189,0.02304441654135213,0.0243236104249146,0.02635545644667527,0.0674813639932922,0.059560671630054726,0.0,0.0,0.05379670194284075,0.14305616127448886,0.06311864505866287,0.0,0.052099338552248,0.0,
2017-05-08,0.03149040385161479,0.0415354746552314,0.042229849971081854,0.037954342869886,0.034636076928647126,0.029507944148118043,0.026901373694693816,0.03329727804905355,0.06884473420898865,0.0637289233165421,0.0,0.0,0.053518922089612744,0.0,0.06840078952121567,0.0,0.0,0.0,
2017-06-08,0.03015053470833876,0.04122742492388617,0.040646714922855175,0.036771922146238346,0.03403575510641157,0.02961548134104562,0.026510103262767565,0.03302816941827385,0.0661129749367823,0.062138310533702744,0.058467121196900146,0.14833416880240552,0.053541695234069084,0.13335876400397595,0.07061608863450632,0.033955441199340734,0.0,0.048161828974147405,
2017-07-10,0.030995410049261485,0.042991828263921096,0.0419549607486982,0.03816647815779978,0.03815070699155298,0.02940367678840608,0.025965811638474647,0.03068365803231019,0.0600145195224264,0.06705209576445978,0.05955645314320976,0.14271060803437952,0.05072945778289063,0.0,0.06760070335462663,0.0,0.0,0.0,
2017-08-10,0.031170308271725178,0.046112810077570766,0.0429631595511592,0.03960978485015128,0.040630401294325,0.02974807707586973,0.025166827237367354,0.029237600933949254,0.05629997253320081,0.07080672349598659,0.058154186200278325,0.1399491217866048,0.04940129314988816,0.12838076214954486,0.06654661699748383,0.03738011813678461,0.0,0.05268122427123898,
2017-09-11,0.03219776230830529,0.03591165867836609,0.037844158889909725,0.03564806631213646,0.040260581735197934,0.02596388891726801,0.024785002208244963,0.025652652007915444,0.05643634344146757,0.0712955031825586,0.06311109424066415,0.14015745686811187,0.06286418161035272,0.12539625872412827,0.08238750066667182,0.03451059543363718,0.05631621017838237,0.04926108459668156,
2017-10-11,0.034804051072560606,0.034239084162806674,0.03680599699849786,0.03635970300775031,0.041548615032889355,0.026479305497452987,0.025052697321567,0.02667215737133682,0.05328751439254085,0.07168047798450171,0.06460626992045782,0.146136331374966,0.06226974437696922,0.12693405007385256,0.08283661500800867,0.03667939248776566,0.044929137412078594,0.0486788565039974,
2017-11-13,0.03320518528062431,0.03421001024227582,0.03609631839659548,0.036313068003101946,0.040979680699648045,0.02655844952669874,0.024378317284081404,0.027027512962116237,0.052845897384174154,0.07256504540368647,0.06594912966250487,0.145613892186123,0.06356990042715456,0.1270962182911262,0.0810971440513689,0.03843866501261592,0.043720587654295186,0.05033497753180861,
2017-12-13,0.03212663716277421,0.03342300883670603,0.03584171017732727,0.03757778517740301,0.04096194807751477,0.026316271896574213,0.023925271900683782,0.026482580834436727,0.053339997560201316,0.07250144507869627,0.06633779326906313,0.1452875773538724,0.06481577912409044,0.13092293601347374,0.07608138048097117,0.03968444858899669,0.04297891179020703,0.0,
2018-01-16,0.029421278277538505,0.030578285262020666,0.033625950690458366,0.03577090479038794,0.03889911618593426,0.024129814787536476,0.02135071949176234,0.02352014677808208,0.04643400401167708,0.06820860166277906,0.059401026224879916,0.14536805088656798,0.07361564735085406,0.13898234535667006,0.09473322255551304,0.0,0.04474755252293926,0.05145619369652175,
2018-02-16,0.01935373492559662,0.02182308662331237,0.022278449777344046,0.02632059531563215,0.02639095427132651,0.021174476259895672,0.01716778394597242,0.02141230490089594,0.04439868521312657,0.05447588035399418,0.0,0.0,0.0,0.0,0.1026725049117831,0.0,0.045327186833459224,0.06201143092550785,
2018-03-16,0.019313963832627536,0.019725457659796775,0.02191384641216502,0.024648872174648225,0.023059401053265087,0.021545594301862352,0.018824813590514113,0.021508529659793465,0.043291618579430036,0.04979988338944956,0.0,0.0,0.0,0.0,0.0,0.0,0.04987725136363395,0.06072041460055889,
2018-04-16,0.01531547837434113,0.018509255857636617,0.015459005438216183,0.022746368885878054,0.021877721173001727,0.020722981783276424,0.016947668978362085,0.021547818041393742,0.03901054781030851,0.04506080716142903,0.0,0.0,0.0,0.1854937446939024,0.096294373612178,0.0,0.04637817047579337,0.056492430356499916,
2018-05-16,0.015418156628151594,0.018961249813434864,0.014332931283696143,0.022870061006947516,0.021658884557217626,0.022020865636337688,0.017211821080299422,0.022343949060738763,0.039726316425153944,0.04546008772608215,0.0,0.0,0.0,0.0,0.10241113861327003,0.0,0.0488974963088827,0.0,
2018-06-18,0.014441263462453452,0.01834122394222544,0.012527058126398127,0.022748141792887356,0.0215871618329574,0.0,0.01854799780280456,0.02219944549090162,0.0,0.042877788655578765,0.0,0.0,0.0,0.19029876096754766,0.10265965483462683,0.026942818124989776,0.048077181117484734,0.0,
2018-07-18,0.01494937915165793,0.018112636123424324,0.015491534458482333,0.01905660171623133,0.020534347327709847,0.0,0.0,0.018829492601676386,0.0,0.04373623379625156,0.07926041527179557,0.0,0.0,0.20313698975994318,0.09858443511422521,0.02937289387891855,0.039110865885265515,0.0,
2018-08-20,0.01483992735102881,0.018160462955291244,0.015219068941694206,0.019334911113880304,0.020384924416970346,0.0,0.0,0.0,0.0,0.04402451129835574,0.08349777328178717,0.2050608621166734,0.0,0.2049564916807465,0.10004687545984195,0.02950153612850578,0.0,0.0,
2018-09-20,0.014995224725742011,0.017667182035947807,0.014738553599033236,0.01901596787382833,0.020003387347220042,0.0,0.01817510541646337,0.01995423734769133,0.0,0.040826131851427944,0.0,0.0,0.0,0.0,0.10328457898772436,0.029222847447406164,0.04274661363514962,0.0,
2018-10-22,0.0,0.0,0.0,0.0,0.021068056711841247,0.0,0.0,0.0,0.0,0.040192537324345114,0.0,0.0,0.0,0.0,0.09624067878367847,0.027107494137416168,0.041466231941496005,0.0,
